-- Salvation Ministries Global Database
-- Auto-generated from Excel file

DROP TABLE IF EXISTS branches;
DROP TABLE IF EXISTS states;
DROP TABLE IF EXISTS countries;


CREATE TABLE countries (
    id INT PRIMARY KEY,
    name VARCHAR(255) NOT NULL
);


CREATE TABLE states (
    id INT PRIMARY KEY,
    country_id INT NOT NULL,
    name VARCHAR(255) NOT NULL,
    FOREIGN KEY (country_id) REFERENCES countries(id)
);


CREATE TABLE branches (
    id INT PRIMARY KEY,
    state_id INT NOT NULL,
    name VARCHAR(255) NOT NULL,
    address TEXT,
    FOREIGN KEY (state_id) REFERENCES states(id)
);

-- Insert countries
INSERT INTO countries (id, name) VALUES (1, 'Nigeria');
INSERT INTO countries (id, name) VALUES (2, 'Asia Region');
INSERT INTO countries (id, name) VALUES (3, 'Benin Republic');
INSERT INTO countries (id, name) VALUES (4, 'Cameroon');
INSERT INTO countries (id, name) VALUES (5, 'Gambia');
INSERT INTO countries (id, name) VALUES (6, 'Ghana');
INSERT INTO countries (id, name) VALUES (7, 'Switzerland');
INSERT INTO countries (id, name) VALUES (8, 'United Arab Emirates');
INSERT INTO countries (id, name) VALUES (9, 'United Kingdom');
INSERT INTO countries (id, name) VALUES (10, 'United States');

-- Insert states
INSERT INTO states (id, country_id, name) VALUES (1, 1, 'Rivers State');
INSERT INTO states (id, country_id, name) VALUES (2, 1, 'Abia State');
INSERT INTO states (id, country_id, name) VALUES (3, 1, 'Akwa-Ibom State');
INSERT INTO states (id, country_id, name) VALUES (4, 1, 'Anambra State');
INSERT INTO states (id, country_id, name) VALUES (5, 1, 'Adamawa State');
INSERT INTO states (id, country_id, name) VALUES (6, 1, 'Bauchi State');
INSERT INTO states (id, country_id, name) VALUES (7, 1, 'Bayelsa State');
INSERT INTO states (id, country_id, name) VALUES (8, 1, 'Benue State');
INSERT INTO states (id, country_id, name) VALUES (9, 1, 'Borno State');
INSERT INTO states (id, country_id, name) VALUES (10, 1, 'Cross River State');
INSERT INTO states (id, country_id, name) VALUES (11, 1, 'Delta State');
INSERT INTO states (id, country_id, name) VALUES (12, 1, 'Ebonyi State');
INSERT INTO states (id, country_id, name) VALUES (13, 1, 'Edo State');
INSERT INTO states (id, country_id, name) VALUES (14, 1, 'Ekiti State');
INSERT INTO states (id, country_id, name) VALUES (15, 1, 'Enugu State');
INSERT INTO states (id, country_id, name) VALUES (16, 1, 'FCT Abuja');
INSERT INTO states (id, country_id, name) VALUES (17, 1, 'Gombe State');
INSERT INTO states (id, country_id, name) VALUES (18, 1, 'Imo State');
INSERT INTO states (id, country_id, name) VALUES (19, 1, 'Jigawa State');
INSERT INTO states (id, country_id, name) VALUES (20, 1, 'Kaduna State');
INSERT INTO states (id, country_id, name) VALUES (21, 1, 'Kano State');
INSERT INTO states (id, country_id, name) VALUES (22, 1, 'Katsina State');
INSERT INTO states (id, country_id, name) VALUES (23, 1, 'Kebbi State');
INSERT INTO states (id, country_id, name) VALUES (24, 1, 'Kogi State');
INSERT INTO states (id, country_id, name) VALUES (25, 1, 'Kwara State');
INSERT INTO states (id, country_id, name) VALUES (26, 1, 'Lagos State');
INSERT INTO states (id, country_id, name) VALUES (27, 1, 'Nasarawa State');
INSERT INTO states (id, country_id, name) VALUES (28, 1, 'Niger State');
INSERT INTO states (id, country_id, name) VALUES (29, 1, 'Ogun State');
INSERT INTO states (id, country_id, name) VALUES (30, 1, 'Ondo State');
INSERT INTO states (id, country_id, name) VALUES (31, 1, 'Osun State');
INSERT INTO states (id, country_id, name) VALUES (32, 1, 'Oyo State');
INSERT INTO states (id, country_id, name) VALUES (33, 1, 'Plateau State');
INSERT INTO states (id, country_id, name) VALUES (34, 1, 'Sokoto State');
INSERT INTO states (id, country_id, name) VALUES (35, 1, 'Taraba State');
INSERT INTO states (id, country_id, name) VALUES (36, 1, 'Yobe State');
INSERT INTO states (id, country_id, name) VALUES (37, 1, 'Zamfara State');
INSERT INTO states (id, country_id, name) VALUES (38, 10, 'North America');
INSERT INTO states (id, country_id, name) VALUES (39, 9, 'United Kingdom & Canada');
INSERT INTO states (id, country_id, name) VALUES (40, 7, 'Switzerland');
INSERT INTO states (id, country_id, name) VALUES (41, 8, 'United Arab Emirates');
INSERT INTO states (id, country_id, name) VALUES (42, 2, 'Asia');
INSERT INTO states (id, country_id, name) VALUES (43, 6, 'Ghana');
INSERT INTO states (id, country_id, name) VALUES (44, 3, 'Benin Republic');
INSERT INTO states (id, country_id, name) VALUES (45, 4, 'Cameroon');
INSERT INTO states (id, country_id, name) VALUES (46, 5, 'Gambia');

-- Insert branches
INSERT INTO branches (id, state_id, name, address) VALUES (1, 1, 'ABONNEMA', 'ABONNEMA/DEGEMA ROAD, CONSULATE DEGEMA');
INSERT INTO branches (id, state_id, name, address) VALUES (2, 1, 'ABONNEMA 2', 'BE-DON CLOSE OFF ABONNEMA/OBONOMA ROAD, ABONNEMA');
INSERT INTO branches (id, state_id, name, address) VALUES (3, 1, 'SILVER DOVE', 'BESIDE TIMBER MARKET SARS ROAD, RUKPOKWU');
INSERT INTO branches (id, state_id, name, address) VALUES (4, 1, 'SIAT', 'SIAT ESTATE SCHOOL, UBIMA');
INSERT INTO branches (id, state_id, name, address) VALUES (5, 1, 'BIG ELELE 2', '#3/4 OMUSE STREET, MGBUAYIM, BIG ELELE TOWN');
INSERT INTO branches (id, state_id, name, address) VALUES (6, 1, 'AWESOME', 'OFF OLD PH RD, HIGH TENSION, ALETO-ELEME');
INSERT INTO branches (id, state_id, name, address) VALUES (7, 1, 'OBIWALI', '#135 OBIWALI ROAD, NKPOLU JUNCTION, PH');
INSERT INTO branches (id, state_id, name, address) VALUES (8, 1, 'IBANI', 'SAND FILLED, IBANI STREET, BOROKIRI, PORT HARCOURT');
INSERT INTO branches (id, state_id, name, address) VALUES (9, 1, 'OGINIGBA', '#1 CAPINO DRIVE, ANSETH HOSPITAL BY SCHOOL ROAD, NEW LAYOUT OGINIGBA, PORTHARCOURT');
INSERT INTO branches (id, state_id, name, address) VALUES (10, 1, 'RUMUEKINI SCHOOL ROAD', 'SALVATION MINISTRIES RUMUEKINI SCHOOL ROAD BRANCH, RUMUEKINI, PORT HARCOURT');
INSERT INTO branches (id, state_id, name, address) VALUES (11, 1, 'ABALAMABIE', 'ADJACENT TO FEDERAL POLYTECHNIC OF OIL AND GAS, BONNY ISLAND');
INSERT INTO branches (id, state_id, name, address) VALUES (12, 1, 'ELELENWO 3', 'ORANGE BUS STOP, ALONG REFINERY ROAD, ELELENWO, PORT HARCOURT');
INSERT INTO branches (id, state_id, name, address) VALUES (13, 1, 'ABOBIRI', '#4 ABOBIRI STREET OFF HARBOUR ROAD, TOWN, PORT HARCOURT');
INSERT INTO branches (id, state_id, name, address) VALUES (14, 1, 'ABUA 1', '1, SALVATION ROAD OPP ALEX SAW MILL, AYAMA-EMILAGHAN ABUA CENTRAL');
INSERT INTO branches (id, state_id, name, address) VALUES (15, 1, 'MILE 1 DIOBU', '#44 ABAKALIKI STREET, MILE 1 DIOBU, RUMUWOJI COMMUNITY');
INSERT INTO branches (id, state_id, name, address) VALUES (16, 1, 'ABUA 2', 'ALONG OGHORA ROAD AMALEM ABUA CENTRAL ABUA');
INSERT INTO branches (id, state_id, name, address) VALUES (17, 1, 'ABULOMA', '103 ABULOMA ROAD, PH');
INSERT INTO branches (id, state_id, name, address) VALUES (18, 1, 'OZUBOKO', 'ALONG PRIMARY SCHOOL ROAD, OZUBOKO');
INSERT INTO branches (id, state_id, name, address) VALUES (19, 1, 'ADA GEORGE', 'RUMUOKE ROAD, OFF OKILTON JUNCTION OFF ADA GEORGE ROAD');
INSERT INTO branches (id, state_id, name, address) VALUES (20, 1, 'AEROPLANE DRIVE ABULOMA', '37, GEORGE SEKIBO STREET, OFF AEROPLANE DRIVE, ABULOMA, PH');
INSERT INTO branches (id, state_id, name, address) VALUES (21, 1, 'AGBANI DAREGO', 'AGBANI DAREGO COMPLEX, OPP. 136/138 BENDE STREET, TOWN, PORT HARCOURT');
INSERT INTO branches (id, state_id, name, address) VALUES (22, 1, 'AGBA-NDELE', 'EHIOR WOMEN HALL, AGBA-NDELE');
INSERT INTO branches (id, state_id, name, address) VALUES (23, 1, 'AGGREY ROAD', '77, AGGREY ROAD, PH');
INSERT INTO branches (id, state_id, name, address) VALUES (24, 1, 'AGGREY ESTATE', 'AGGREY HOUSING ESTATE INVENT CENTRE SATELLITE CHURCH, PORT HARCOURT');
INSERT INTO branches (id, state_id, name, address) VALUES (25, 1, 'AGIP', '#41 AGIP ROAD BY ESTATE JUNCTION, PORT HARCOURT');
INSERT INTO branches (id, state_id, name, address) VALUES (26, 1, 'AGIP 2', 'PLOT 3, ROAD 26, AGIP ESTATE, PHC');
INSERT INTO branches (id, state_id, name, address) VALUES (27, 1, 'AHOADA', '60, OMUKU ROAD AHOADA');
INSERT INTO branches (id, state_id, name, address) VALUES (28, 1, 'FOUNTAIN OF WISDOM (AHOADA)', 'FOUNTAIN OF WISDOM SCHOOL, OPPOSITE MOUNTAIN OF FIRE, CIVIL DEFENCE ROAD, AHOADA EAST');
INSERT INTO branches (id, state_id, name, address) VALUES (29, 1, 'NWAGBOGWE', '#5 NWAGBOGWE-WAOBIKEZE STREET, OMOKU');
INSERT INTO branches (id, state_id, name, address) VALUES (30, 1, 'AKPAJO-IRIEBE', 'SALVATION MINISTRIES AKPAJO ROAD CHURCH, IRIEBE, OYIGBO');
INSERT INTO branches (id, state_id, name, address) VALUES (31, 1, 'AKPAJO', 'BESIDE AKPAJO MARKET, FARM ROAD, BY ARISE AND SHINE BUSTOP, AKPAJO');
INSERT INTO branches (id, state_id, name, address) VALUES (32, 1, 'ALAKAHIA', 'ANWURI PAVILION, KM16, EAST WEST ROAD, ALAKAHIA, OBIO AKPOR');
INSERT INTO branches (id, state_id, name, address) VALUES (33, 1, 'ALAKAHIA-ALOGU', 'OPPOSITE COLLEGE COURT SUITES, ALAKAHIA ROAD, PHC');
INSERT INTO branches (id, state_id, name, address) VALUES (34, 1, 'ALODE-ELEME', 'LIPZA PLAZA, 17 MARKET ROAD, ALODE-ELEME, RIVERS STATE');
INSERT INTO branches (id, state_id, name, address) VALUES (35, 1, 'AGBONCHIA-ELEME', 'AGBONCHIA CHURCH, ELEME');
INSERT INTO branches (id, state_id, name, address) VALUES (36, 1, 'AGBONCHIA-II', 'BY EPISTEME SCHOOL HEALTH CENTRE ROAD, ELEME, RIVERS STATE');
INSERT INTO branches (id, state_id, name, address) VALUES (37, 1, 'ALUU', 'ALONG RUMUEKINI ROAD, ALUU');
INSERT INTO branches (id, state_id, name, address) VALUES (38, 1, 'PRAISE ARENA ALUU-OMUIKE', 'ALONG OMUODA OMUAGWA LINK ROAD, OMUIKE, ALUU');
INSERT INTO branches (id, state_id, name, address) VALUES (39, 1, 'ALUU-OMUIGWE', 'ABUJA PHASE 2, ALUU, PH');
INSERT INTO branches (id, state_id, name, address) VALUES (40, 1, 'ALUU OMUOKIRI', 'WOLI STREET ALUU OMUOKIRI ALONG CHOBA UNIPORT ROAD, PH');
INSERT INTO branches (id, state_id, name, address) VALUES (41, 1, 'ALUU OMUOKO', 'ALUU OMUOKO TOWN HALL');
INSERT INTO branches (id, state_id, name, address) VALUES (42, 1, 'ALUU MBODO', 'NO 13 ALUU MBODO OFF AIRPORT ROAD');
INSERT INTO branches (id, state_id, name, address) VALUES (43, 1, 'AMAECHI DRIVE GRA', 'AMAECHI DRIVE GRA PHASE 3, PH');
INSERT INTO branches (id, state_id, name, address) VALUES (44, 1, 'ATC-OKRIKA', 'ATC BY-PASS ROAD ATC, OKRIKA');
INSERT INTO branches (id, state_id, name, address) VALUES (45, 1, 'AMEH PLAZA', 'NO 166 RUMUAGHUOLU RD OPP JBECS ALUMINIUM & WATER COMPANY RUMUAGHUOLU CLUB OBIO AKPOR, PH');
INSERT INTO branches (id, state_id, name, address) VALUES (46, 1, 'ANDONI-UNYEADA', 'TOWN/NECO HALL UNYEADA TOWN, ANDONI, RIVERS STATE');
INSERT INTO branches (id, state_id, name, address) VALUES (47, 1, 'IBOTIREM', 'IBOTIREM, ANDONI');
INSERT INTO branches (id, state_id, name, address) VALUES (48, 1, 'AKWETE', 'AKWETE OYIGBO');
INSERT INTO branches (id, state_id, name, address) VALUES (49, 1, 'OGBOSO', 'SALVATION MINISTRIES, OGBOSO');
INSERT INTO branches (id, state_id, name, address) VALUES (50, 1, 'AZIKIWE', '#5 AZIKIWE STREET, MILE 2, DIOBU, PORT HARCOURT');
INSERT INTO branches (id, state_id, name, address) VALUES (51, 1, 'OKUJAGU-AZUABIE', '54 AMONI STREET AZUABIE TOWN, BESIDE BANGA, OKUJAGU');
INSERT INTO branches (id, state_id, name, address) VALUES (52, 1, 'OKUJAGU-2', 'SALVATION MINISTRIES CHURCH, OKUJAGU-2, AZUABIE');
INSERT INTO branches (id, state_id, name, address) VALUES (53, 1, 'OWHONDA', '#22 OWHONDA STREET ATALI, OBIAKPO');
INSERT INTO branches (id, state_id, name, address) VALUES (54, 1, 'IGNATIUS AJURU', 'BESIDE NEW HEAVEN HOSTEL, IGNATIUS AJURU UNIVERSITY OF EDUCATION');
INSERT INTO branches (id, state_id, name, address) VALUES (55, 1, 'BANE', 'MAA-OR CHURCH, BANE, KHANA LGA, BORI REGION');
INSERT INTO branches (id, state_id, name, address) VALUES (56, 1, 'BAEN', 'OPPOSITE BAEN TOWN SQUARE, BAEN');
INSERT INTO branches (id, state_id, name, address) VALUES (57, 1, 'B-DERE', 'B-DERE COMMUNITY TOWN HALL, B-DERE GOKHANA');
INSERT INTO branches (id, state_id, name, address) VALUES (58, 1, 'BEERI', 'MODEL PRIMARY SCHOOL 2, BEERI');
INSERT INTO branches (id, state_id, name, address) VALUES (59, 1, 'BERA', 'BERA CIVIC CENTER, GOKANA');
INSERT INTO branches (id, state_id, name, address) VALUES (60, 1, 'BEN PARADISE', 'BRILLIANT INT''L SCHOOL, BEN PARADISE STREET, ABIRIBA QTRS, OYIGBO');
INSERT INTO branches (id, state_id, name, address) VALUES (61, 1, 'BEULAH LAND', 'LOCATION 15, UMUEBULU 2, OYIGBO');
INSERT INTO branches (id, state_id, name, address) VALUES (62, 1, 'BETTER LIFE', 'BY NDDC ROAD, OYIGBO');
INSERT INTO branches (id, state_id, name, address) VALUES (63, 1, 'BIG ELELE', 'ELELE CIVIC CENTER, BIG ELELE TOWN LGA');
INSERT INTO branches (id, state_id, name, address) VALUES (64, 1, 'DIAMOND PLAZA', 'ALONG SARS ROAD, (CELESTINE OMEHIA ROAD), BETWEEN AKWAKA JUNCTION AND NEW ROAD JUNCTION, RUKPOKWU');
INSERT INTO branches (id, state_id, name, address) VALUES (65, 1, 'BODO', 'TOWN HALL, NEW MARKET, BOTOR VILLAGE BODO CITY');
INSERT INTO branches (id, state_id, name, address) VALUES (66, 1, 'BOLO', 'OPPOSITE VICTOR ALABO OIL & GAS GRA, BOLO');
INSERT INTO branches (id, state_id, name, address) VALUES (67, 1, 'WAKAMA', 'WAKAMA AMA COMMUNITY TOWN SQUARE');
INSERT INTO branches (id, state_id, name, address) VALUES (68, 1, 'BOMU SATELLITE', '78 KABANI ROAD BOMU');
INSERT INTO branches (id, state_id, name, address) VALUES (69, 1, 'BONNY ISLAND', '8 KING EDWARD ASIMINI BYPASS (BERGER ROAD) BONNY ISLAND');
INSERT INTO branches (id, state_id, name, address) VALUES (70, 1, 'BONNY ISLAND 2', 'BONNY HERITAGE CENTER, #39 KING WILLIAM DAPPA ROAD, BONNY ISLAND');
INSERT INTO branches (id, state_id, name, address) VALUES (71, 1, 'BOROBARA/KIRA', 'BOROBARA COMMUNITY TOWN HALL, TAI LGA, RIVERS STATE');
INSERT INTO branches (id, state_id, name, address) VALUES (72, 1, 'BORI', 'YEGHE BORI-ROAD BEFORE YEGHE-BRIDGE, 43 HOSPITAL ROAD, BORI');
INSERT INTO branches (id, state_id, name, address) VALUES (73, 1, 'LUEKE', 'SALVATION MINISTRIES LUEKE BRANCH');
INSERT INTO branches (id, state_id, name, address) VALUES (74, 1, 'GIO', 'GIO COMMUNITY TOWN HALL');
INSERT INTO branches (id, state_id, name, address) VALUES (75, 1, 'NWEOL', 'NWEOL TOWN HALL');
INSERT INTO branches (id, state_id, name, address) VALUES (76, 1, 'EEKEN', 'EEKEN COMMUNITY TOWN HALL');
INSERT INTO branches (id, state_id, name, address) VALUES (77, 1, 'KEN POLY', '#45 ZAAKPON ROAD, GODDY PLAZA, BORI');
INSERT INTO branches (id, state_id, name, address) VALUES (78, 1, 'UEGWERE', 'EEGWERE TOWN SQUARE');
INSERT INTO branches (id, state_id, name, address) VALUES (79, 1, 'BORI 2 TIMER SATELLITE', 'SHOPPING MALL OPPOSITE, GENERAL HOSPITAL BORI');
INSERT INTO branches (id, state_id, name, address) VALUES (80, 1, 'BORIKIRI', '6 KOLOKUMA STREET, BORIKIRI PH');
INSERT INTO branches (id, state_id, name, address) VALUES (81, 1, 'BOTEM', 'BOTEM PRIMARY AUDITORIUM, BOTEM TAI');
INSERT INTO branches (id, state_id, name, address) VALUES (82, 1, 'BUGUMA CITY', 'DETEME SAND FILLED BEHIND MODEL PRIMARY SCHOOL, CLOSE TO POLICE STATION, BUGUMA CITY');
INSERT INTO branches (id, state_id, name, address) VALUES (83, 1, 'ABALAMA BUGUMA', 'ALABAMA ROAD, OFF ABALAMA POLICE STATION, ABALAMA, ASALGA');
INSERT INTO branches (id, state_id, name, address) VALUES (84, 1, 'ISIODU', 'RUMU NWONBUEZE FAMILY HALL, ISIODU EMOHUA');
INSERT INTO branches (id, state_id, name, address) VALUES (85, 1, 'BUGUMA 2', 'EGILE''S COMPOUND, BUGUMA CITY');
INSERT INTO branches (id, state_id, name, address) VALUES (86, 1, 'BUKUMA (AGUMA)', 'SCHOOL ROAD BUKUMA DELGA, RIVERS STATE');
INSERT INTO branches (id, state_id, name, address) VALUES (87, 1, 'IDO', 'CHIEF PETER BAGSHAW ALAWAIFAA''S HOUSE, ESUKU''S COMPOUND, IDO, ASALGA');
INSERT INTO branches (id, state_id, name, address) VALUES (88, 1, 'RUMUODOMAYA 2', '#2 ICHIEGBO STREET OFF AIRPORT ROAD BY NNPC FILLING STATION, RUMUODOMAYA');
INSERT INTO branches (id, state_id, name, address) VALUES (89, 1, 'CHINDA', '#109 SOLID PALM PLAZA BY TRANSFORMER, CHINDA ROAD OFF ADA-GEORGE, PORT HARCOURT');
INSERT INTO branches (id, state_id, name, address) VALUES (90, 1, 'AGIP 3', '#7 ROAD 1 EXTENSION, AGIP ESTATE');
INSERT INTO branches (id, state_id, name, address) VALUES (91, 1, 'CHOBA', '17/19, HABITAT DRIVE, RUMUALOGU TOWN, CHOBA');
INSERT INTO branches (id, state_id, name, address) VALUES (92, 1, 'CHOBA 2', '#10 OFF OKOCHA STREET OWHIPA, CHOBA');
INSERT INTO branches (id, state_id, name, address) VALUES (93, 1, 'CHOBA 3', '16, IGBOGO ROAD (BACK OF CHEM) CHOBA, PHC');
INSERT INTO branches (id, state_id, name, address) VALUES (94, 1, 'CHOKOCHO ETCHE', '15, UMU-OKORO NWADI STREAM ROAD, CHOKOCHO, OFF IGBO-ETCHE, PHC');
INSERT INTO branches (id, state_id, name, address) VALUES (95, 1, 'CHOKOTA IGBO ETCHE 1', 'UMUONA STREAM ROAD, OFF ABA ROAD, CHOKOTA IGBO-ETCHE, RIVERS STATE');
INSERT INTO branches (id, state_id, name, address) VALUES (96, 1, 'CHOKOTA IGBO ETCHE 2', 'OUR GLORIOUS INT''L. ACADEMY UMUAKONU, IGBO ETCHE, RIVERS STATE');
INSERT INTO branches (id, state_id, name, address) VALUES (97, 1, 'CHOKOTA 3 IGBO ETCHE', 'UMUAKONU FARM ROAD IGBO ETCHE, RIVERS STATE');
INSERT INTO branches (id, state_id, name, address) VALUES (98, 1, 'CHOKOATA 4 UMOTUBE', 'ROBERT FARM ROAD, UMOTUBE IGBO-ETCHE');
INSERT INTO branches (id, state_id, name, address) VALUES (99, 1, 'CHOKOTA 5 IGBO ETCHE', 'EBI PLAZA, UMUCHOKO FARM ROAD, CHOTOTA IGBO ETCHE');
INSERT INTO branches (id, state_id, name, address) VALUES (100, 1, 'ABARA', 'ABARA, ETCHE');
INSERT INTO branches (id, state_id, name, address) VALUES (101, 1, 'UMUOYE', 'UMUOYE, ETCHE');
INSERT INTO branches (id, state_id, name, address) VALUES (102, 1, 'CONRIS PLACE', 'NEW ROAD, ROAD 9, 2ND AVENUE OFF MGBUOBA PORT HARCOURT');
INSERT INTO branches (id, state_id, name, address) VALUES (103, 1, 'DE-AMEN', '24 EGBELU AKAMI ROAD, OFF NTA ROAD, CORNERSTONE, OZUOBA PH');
INSERT INTO branches (id, state_id, name, address) VALUES (104, 1, 'CREAM DE LA CREAM', '#4 KPAKANI STREET, OFF OBI-WALI ROAD, RUMUIGBO');
INSERT INTO branches (id, state_id, name, address) VALUES (105, 1, 'DEKEN', 'DEKEN ULTRA MODERN PRIMARY AUDITORIUM, DEKEN');
INSERT INTO branches (id, state_id, name, address) VALUES (106, 1, 'DESS JEFF', 'DESS JEFF RECREATION CENTRE SHELL LOCATION ROAD BY CAR WASH, OYIGBO');
INSERT INTO branches (id, state_id, name, address) VALUES (107, 1, 'D/LINE', '15, OMOKU STREET, D/LINE PORT HARCOURT');
INSERT INTO branches (id, state_id, name, address) VALUES (108, 1, 'D/LINE 2', '3 AKOBO STREET D-LINE, BEHIND ASSOTEL BUILDING, GARRISON, PORT HARCOURT');
INSERT INTO branches (id, state_id, name, address) VALUES (109, 1, 'EAGLE ISLAND 1', 'PLOT 247, ALHAJI ORLU AVENUE, OFF CALVARY TEMPLE ROAD, EAGLE ISLAND PORT HARCOURT');
INSERT INTO branches (id, state_id, name, address) VALUES (110, 1, 'GREEN CITY', '#61 GREEN CITY ESTATE ROAD, GREEN CITY ESTATE, ELELENWO');
INSERT INTO branches (id, state_id, name, address) VALUES (111, 1, 'EAGLE ISLAND 2', '32, HON. VICTOR IHUNWO (ANDONI) ROAD, EAGLE ISLAND');
INSERT INTO branches (id, state_id, name, address) VALUES (112, 1, 'EASTERN BY-PASS', 'PLOT 20, OLD GRA EXTENSION, PHC');
INSERT INTO branches (id, state_id, name, address) VALUES (113, 1, 'EBUBU', 'BEFORE BRIDGE ALONG EJAMAH-TRAILER PARK ROAD, EBUBU ELEME, RIVERS STATE');
INSERT INTO branches (id, state_id, name, address) VALUES (114, 1, 'EBUBU EGBALOR', '#1 OBE STREET OFF EGBALOR FARM ROAD, EBUBU ELEME');
INSERT INTO branches (id, state_id, name, address) VALUES (115, 1, 'SIME TAI', 'SYSTEM WORLD GUEST HOUSE, SIME JUNCTION, TAI');
INSERT INTO branches (id, state_id, name, address) VALUES (116, 1, 'ECM PLAZA', 'KM5, EAST WEST ROAD, OPP CHARKINS MARITIME ACADEMY, PORT-HARCOURT');
INSERT INTO branches (id, state_id, name, address) VALUES (117, 1, 'EDEOHA (AHOADA)', 'ALONG ABUA ROAD, BY IKATA JUNCTION, EDEOHA TOWN, AHOADA EAST');
INSERT INTO branches (id, state_id, name, address) VALUES (118, 1, 'AMINIGBOKO', 'AMINIGBOKO');
INSERT INTO branches (id, state_id, name, address) VALUES (119, 1, 'UZOCHI', 'SALVATION MINISTRIES UZOCHI');
INSERT INTO branches (id, state_id, name, address) VALUES (120, 1, 'IDEOKE', 'SALVATION MINISTRIES IDEOKE');
INSERT INTO branches (id, state_id, name, address) VALUES (121, 1, 'OWEREWERE', 'SALVATION MINISTRIES OWEREWERE');
INSERT INTO branches (id, state_id, name, address) VALUES (122, 1, 'EGBU-ETCHE', 'EGBU COMMUNITY HALL, ETCHE');
INSERT INTO branches (id, state_id, name, address) VALUES (123, 1, 'EGBELU 1', 'EGBELU OZODO, ALONG OGBOGORO ROAD, PORT HARCOURT');
INSERT INTO branches (id, state_id, name, address) VALUES (124, 1, 'EGBELU 2', '#1 WORSHIP AVENUE, BESIDES DE FAME HOTEL, EGBELU-OZODO, PORT HARCOURT');
INSERT INTO branches (id, state_id, name, address) VALUES (125, 1, 'EGBEDA', 'EGBEDA CHURCH, IBONIMERE ALONG EGBEDA/UBIMINI ROAD, EMOLGA, RIVERS STATE');
INSERT INTO branches (id, state_id, name, address) VALUES (126, 1, 'UBIMINI', 'UBIMINI COMMUNITY TOWN HALL, UBIMINI');
INSERT INTO branches (id, state_id, name, address) VALUES (127, 1, 'ODUOHA-EMOHUA', 'ODUOHA-EMOHUA COMMUNITY');
INSERT INTO branches (id, state_id, name, address) VALUES (128, 1, 'EGEDE GLORY CENTER', '27 OJOTO STREET, MILE 2, DIOBU, PH');
INSERT INTO branches (id, state_id, name, address) VALUES (129, 1, 'EGWI', 'ALONG ULAKWU RD, EGWI ETCHE');
INSERT INTO branches (id, state_id, name, address) VALUES (130, 1, 'ELECHI DIOBU', '33, ELECHI BEACH MILE 1 DIOBU PHC');
INSERT INTO branches (id, state_id, name, address) VALUES (131, 1, 'ELELE ALIMINI', 'OMUOHIA TOWN HALL, ELELE ALIMINI, OFF EAST-WEST ROAD');
INSERT INTO branches (id, state_id, name, address) VALUES (132, 1, 'ELELENWO 1', '10 OILFIELD ROAD, BEHIND OILFIELD HOTEL, OFF SCHOOL ROAD, ELELENWO, PORTHARCOURT');
INSERT INTO branches (id, state_id, name, address) VALUES (133, 1, 'ELELENWO 2', '70 ODANI ROAD, ELELENWO');
INSERT INTO branches (id, state_id, name, address) VALUES (134, 1, 'ELELENWO ELIMINIGWE', 'ORO JESUS PLAZA, #222 OLD REFINERY ROAD, ELELENWO, PH');
INSERT INTO branches (id, state_id, name, address) VALUES (135, 1, 'EBUKUMA', 'TOWN HALL 2, EBUKUMA ANDONI');
INSERT INTO branches (id, state_id, name, address) VALUES (136, 1, 'UNION HALL ELIOZU', 'NENI TOWN UNION HALL, BESIDE BENVIATTO SCHOOL, ALONG GAS ROAD, POLICE POST, ELIOZU');
INSERT INTO branches (id, state_id, name, address) VALUES (137, 1, 'ELIGBOLO 1', 'SALVATION MINISTRIES MARIS PLAZA, 2ND FLOOR, BESIDE IVORY HEIGHT GARDEN ESTATE, ENEKA LINK ROAD');
INSERT INTO branches (id, state_id, name, address) VALUES (138, 1, 'ELIOGBOLO 2 RUKPOKU', 'BLESSED EDUCATIONAL SYSTEM SCHOOL, RUKPOKWU');
INSERT INTO branches (id, state_id, name, address) VALUES (139, 1, 'ELIOZU 1', 'G.U AKE ROAD, ELIOZU FLYOVER, PH');
INSERT INTO branches (id, state_id, name, address) VALUES (140, 1, '84 ELIOGBOLO', 'PLOT 84, ELIOGBOLO, RUMUODOMAYA, PH');
INSERT INTO branches (id, state_id, name, address) VALUES (141, 1, 'ELIOZU FARM ROAD', 'FARM ROAD 2, ELIOZU');
INSERT INTO branches (id, state_id, name, address) VALUES (142, 1, 'GRACE AND GLORY CENTER', '#8 IYIAKA STREET, OFF CAR WASH JUNCTION ELIOPARANWO/OGBOGORO ROAD, ELIOPARANWO');
INSERT INTO branches (id, state_id, name, address) VALUES (143, 1, 'ELIOPOKWU-ODU CAMBODIAH', 'CAMBODIAH EVENT CENTER ELIOPOKWU-ODU, ALUU LINK ROAD, ELIKPOKODU, RUKPOKWU');
INSERT INTO branches (id, state_id, name, address) VALUES (144, 1, 'ELIOPOKWU-ODU', 'MABEL PLAZA, 155 ELIKPOKWU ODU/ALUU LINK ROAD, ROKPOKWU');
INSERT INTO branches (id, state_id, name, address) VALUES (145, 1, 'TESTIMONY CENTRE', '11 GOLDEN PLAZA ELIOWHANI TESTIMONY CENTRE PORT HARCOURT');
INSERT INTO branches (id, state_id, name, address) VALUES (146, 1, 'ELIMGBU', '#2 MANGO ESTATE, ELIMGBU');
INSERT INTO branches (id, state_id, name, address) VALUES (147, 1, 'RUMUOKPARALI', 'BELIEVE WALI HALL, BAKERY JUNCTION, RUMUOKPARALI, PORT HARCOURT');
INSERT INTO branches (id, state_id, name, address) VALUES (148, 1, 'OMUNWEI', 'SALVATION MINISTRIES OMUNWEI BRANCH, IGWURUTA');
INSERT INTO branches (id, state_id, name, address) VALUES (149, 1, 'EMOHUA GRA', 'ALONG EMOHUA GENERAL HOSPITAL ROAD, G.R.A EMOHUA');
INSERT INTO branches (id, state_id, name, address) VALUES (150, 1, 'ODUOHA-OGBAKIRI', 'ODUOHA-OGBAKIRI NKOROMA ROAD');
INSERT INTO branches (id, state_id, name, address) VALUES (151, 1, 'OKPOROWO OGBAKIRI', 'IHUNWO''S COMPOUND, MGBUOBA STREET, OKPOROWO OGBAKIRI, EMOHUA');
INSERT INTO branches (id, state_id, name, address) VALUES (152, 1, 'EMOHUA ELIBRADA', 'SALVATION MINISTRIES ELIBRADA BRANCH, EMOHUA, RIVERS STATE');
INSERT INTO branches (id, state_id, name, address) VALUES (153, 1, 'OMUDIOGA', 'OMUDEDE COMMUNITY HALL');
INSERT INTO branches (id, state_id, name, address) VALUES (154, 1, 'RUMUEKPE', 'RUMUEKPE COMMUNITY HALL IMOGU, RUMUEKPE, EMOLGA');
INSERT INTO branches (id, state_id, name, address) VALUES (155, 1, 'MBIAMA', 'MBI-AMA');
INSERT INTO branches (id, state_id, name, address) VALUES (156, 1, 'TOMBIA', 'SALVATION MINISTRIES CHURCH, TOMBIA');
INSERT INTO branches (id, state_id, name, address) VALUES (157, 1, 'KRAKRAMA', 'SALVATION MINISTRIES CHURCH KRAKRAMA');
INSERT INTO branches (id, state_id, name, address) VALUES (158, 1, 'EMOHUA 2', 'SALVATION MINISTRIES CHURCH, EMOHUA');
INSERT INTO branches (id, state_id, name, address) VALUES (159, 1, 'ENEKA 1', 'OPPOSITE GOVERNMENT SECONDARY SCHOOL, ENEKA-IGWURUTA ROAD, ENEKA');
INSERT INTO branches (id, state_id, name, address) VALUES (160, 1, 'RUMUOCHIORLU ENEKA', 'RD-27 RUMUOCHIORLU, ENEKA');
INSERT INTO branches (id, state_id, name, address) VALUES (161, 1, 'ENEKA 2', 'APRIL EVENT CENTRE, ENEKA, RUMUOGUWUMMA NEW LAYOUT, PORT HARCOURT');
INSERT INTO branches (id, state_id, name, address) VALUES (162, 1, 'ETEO-ELEME', 'HEALTH CENTRE ROAD, ETEO-ELEME, RIVERS STATE');
INSERT INTO branches (id, state_id, name, address) VALUES (163, 1, 'FINIMA 1', 'BESIDES HEALTH CENTER QUARTERS, ZONE 3, FINIMA, BONNY');
INSERT INTO branches (id, state_id, name, address) VALUES (164, 1, 'FINIMA 2', 'SAVE THE CHILD FOUNDATION AGALANGA, LONG HOUSE FINIMA, BONNY');
INSERT INTO branches (id, state_id, name, address) VALUES (165, 1, 'FINIMA 3', 'WORKER''S CAMP, FINIMA, BONNY');
INSERT INTO branches (id, state_id, name, address) VALUES (166, 1, 'FINIMA 4', 'PLOT 92, ZONE 2, CAR PARK, FINIMA, BONNY ISLAND');
INSERT INTO branches (id, state_id, name, address) VALUES (167, 1, 'BATHURST', '#23 BATHURST STREET, TOWN, PORTHARCOURT');
INSERT INTO branches (id, state_id, name, address) VALUES (168, 1, 'GLASSHOUSE', '28 RUMUOLA-STADIUM LINK ROAD, OFF STADIUM ROAD PORT HARCOURT');
INSERT INTO branches (id, state_id, name, address) VALUES (169, 1, 'GEORGE-AMA', 'CHIEF ENYINNA POLO GEORGE-AMA, OKRIKA');
INSERT INTO branches (id, state_id, name, address) VALUES (170, 1, 'H-PARAGON', 'OLD ONNE ROAD, EJAMAH EBUBU ELEME, RIVERS STATE');
INSERT INTO branches (id, state_id, name, address) VALUES (171, 1, 'MOGHO (GOKANA)', 'MOGHO TOWN HALL, BEHIND MOGHO FOOTBALL FIELD, GOKANA');
INSERT INTO branches (id, state_id, name, address) VALUES (172, 1, 'BIARA', 'BIARA COMMUNITY TOWN HALL, BIARA GOKANA');
INSERT INTO branches (id, state_id, name, address) VALUES (173, 1, 'KPEAN', 'KPEAN CHURCH');
INSERT INTO branches (id, state_id, name, address) VALUES (174, 1, 'OKAWALE', 'OKWALE CHURCH');
INSERT INTO branches (id, state_id, name, address) VALUES (175, 1, 'KONO', 'KM2 BORI-KONO WATERSIDE ROAD KONO TOWN');
INSERT INTO branches (id, state_id, name, address) VALUES (176, 1, 'IBAA TOWN', 'COMMUNITY TOWN HALL, BESIDE STATE PRIMARY SCHOOL 1, IBAA TOWN, RIVERS STATE');
INSERT INTO branches (id, state_id, name, address) VALUES (177, 1, 'IBETO', '32, IBETO ROAD, OFF RECLAMATION ROAD, TOWN, PORT HARCOURT');
INSERT INTO branches (id, state_id, name, address) VALUES (178, 1, 'IBOLOJI', '#4 WORLU EGUMA STREET, IBOLOJI ESTATE, RUMUIGBO, PH');
INSERT INTO branches (id, state_id, name, address) VALUES (179, 1, 'IPO', 'AIRPORT ROAD, IP. KELGA');
INSERT INTO branches (id, state_id, name, address) VALUES (180, 1, 'OMADEME', 'SALVATION MINISTRIES, OMADEME CHURCH');
INSERT INTO branches (id, state_id, name, address) VALUES (181, 1, 'IHIE-ETCHE', 'IHIE COMMUNITY TOWN HALL ETCHE, R/S');
INSERT INTO branches (id, state_id, name, address) VALUES (182, 1, 'IHUGBO AHOADA', 'IHUGBO TOWN BY YKC FILLING STATION EAST-WEST ROAD, IHUGBO, AHOADA');
INSERT INTO branches (id, state_id, name, address) VALUES (183, 1, 'IHUOWO AHOADA', 'WOMEN TOWN HALL, IHUOWO, AHOADA EAST');
INSERT INTO branches (id, state_id, name, address) VALUES (184, 1, 'OBIRI IKWERRE', 'SALVATION CLOSE, OBIRI IKWERRE, BESIDES GRA PHASE 5');
INSERT INTO branches (id, state_id, name, address) VALUES (185, 1, 'IGBO-ETCHE UMULUUMULU', 'IGBO-ETCHE');
INSERT INTO branches (id, state_id, name, address) VALUES (186, 1, 'IGBO-ETCHE UMUALIKPO', 'PEARL FIELD INT''L ACADEMY, IGBO-ETCHE UMUALIKPO');
INSERT INTO branches (id, state_id, name, address) VALUES (187, 1, 'OKOCHE', 'OKOCHE FARM ROAD OPPOSITE, EDEGELEM BIG MARKET, IGBO ETCHE, ETCHE, RIVERS STATE');
INSERT INTO branches (id, state_id, name, address) VALUES (188, 1, 'IGWURUTA', 'OMUOHIA COMMUNITY HALL, IGWURUTA');
INSERT INTO branches (id, state_id, name, address) VALUES (189, 1, 'IGWURUTA 2', 'OFF AIRPORT ROAD');
INSERT INTO branches (id, state_id, name, address) VALUES (190, 1, 'IGWURUTA 3-OMUMAH', 'OMUMAH TOWN HALL BY OMUMAH JUNCTION');
INSERT INTO branches (id, state_id, name, address) VALUES (191, 1, 'IKWERRENGWO ETCHE OYIGBO', 'PROMISE LAND, IKWERENGWO ETCHE');
INSERT INTO branches (id, state_id, name, address) VALUES (192, 1, 'RINCOLL (IGWURUTA-ALI)', 'SALVATION PATH, OFF ALIMINI ROAD, IGWURUTA-ALI');
INSERT INTO branches (id, state_id, name, address) VALUES (193, 1, 'ILLAOBUCHI', '#105, ANOZIE, BY ILAOBUCHI, MILE 2 DIOBU, PH');
INSERT INTO branches (id, state_id, name, address) VALUES (194, 1, 'RUMUEKINI 4', 'SALVATION MINISTRIES TODAY FM DRIVE, RUMEKINI PH');
INSERT INTO branches (id, state_id, name, address) VALUES (195, 1, 'IRIEBE HOUSING ESTATE', 'IRIEBE HOUSING ESTATE, RIVERS STATE, PORT HARCOURT');
INSERT INTO branches (id, state_id, name, address) VALUES (196, 1, 'IWOFE', '#59, IWOFE ROAD, BESIDE CITY CROWN HOTEL, RUMUEPIRIKOM');
INSERT INTO branches (id, state_id, name, address) VALUES (197, 1, 'IWOFE 2', '#101 IWOFE ROAD, RUMUOLUMENI, PH');
INSERT INTO branches (id, state_id, name, address) VALUES (198, 1, 'ISAKA TOWN', 'GYMING SPORT COMPLEX HALL ISAKA TOWN');
INSERT INTO branches (id, state_id, name, address) VALUES (199, 1, 'ALAKIRI', 'ALAKIRI COMMUNITY TOWN HALL, OKIRIKA');
INSERT INTO branches (id, state_id, name, address) VALUES (200, 1, 'EGBELELIE', 'EGBELELIE-AMA BESIDE FUBI PARADISE OKIRIKA');
INSERT INTO branches (id, state_id, name, address) VALUES (201, 1, 'OLD IBAKA', 'OLD IBAKA COMMUNITY TOWN HALL, IBAKA');
INSERT INTO branches (id, state_id, name, address) VALUES (202, 1, 'ISIOKPO', 'OPP/MAC-VIC HOTEL AGWARA ISIOKPO, RIVERS STATE');
INSERT INTO branches (id, state_id, name, address) VALUES (203, 1, 'JOHN FIBERESIMA', '21 ENGR. AMININASOARI BAPAKAYE ROAD, JOHN FIBERESIMA-AMA, MAIN LAND OKRIKA');
INSERT INTO branches (id, state_id, name, address) VALUES (204, 1, 'KARIS EVENT PLACE', '#1 BENDE STREET, RUMUOMASI, PORT-HARCOURT');
INSERT INTO branches (id, state_id, name, address) VALUES (205, 1, 'KAANI', 'BUA-KAANI ULTRA MODEL TOWN HALL, KANI 1, OGONI');
INSERT INTO branches (id, state_id, name, address) VALUES (206, 1, 'K-DERE', 'K-DERE COMMUNITY PRIMARY AUDITORIUM, K-DERE GOKANA');
INSERT INTO branches (id, state_id, name, address) VALUES (207, 1, 'KALIO-AMA', 'BARR. T.O ISHMAEL HOUSE (INDWELLER''S LODGE) 11/12 OBUDIBO OMUARU, KALIO-AMA, OKRIKA');
INSERT INTO branches (id, state_id, name, address) VALUES (208, 1, 'RUMUOLA', '#29 RUMUOLA ROAD, PHC');
INSERT INTO branches (id, state_id, name, address) VALUES (209, 1, 'KINGS SATELLITE CHURCH', 'KM 2 ALFRED PLAZA OPPOSITE SPRINGWELL ACADEMY IZUOMA, NEW LAYOUT OYIGBO, RIVERS STATE');
INSERT INTO branches (id, state_id, name, address) VALUES (210, 1, 'KPITE SATELLITE', 'KPITE COMMUNITY SCHOOL');
INSERT INTO branches (id, state_id, name, address) VALUES (211, 1, 'KOROMA', 'KOROMA PRIMARY AUDITORIUM, KOROMA TAI');
INSERT INTO branches (id, state_id, name, address) VALUES (212, 1, 'KOROKORO-TAI', 'KOROKORO TAI LGA, R/S');
INSERT INTO branches (id, state_id, name, address) VALUES (213, 1, 'KULA', 'COMMUNITY TOWN HALL BY CANAL, KULA');
INSERT INTO branches (id, state_id, name, address) VALUES (214, 1, 'BAKANA', 'CHIEF LULU''S COMPOUND, BAKANA');
INSERT INTO branches (id, state_id, name, address) VALUES (215, 1, 'LEXCEL PLAZA', '#10, AHOADA ROAD, OPPOSITE GENERAL HOSPITAL, OMOKU, ONELGA, RIVERS STATE');
INSERT INTO branches (id, state_id, name, address) VALUES (216, 1, 'LORD EMMANUEL', 'NO1 LORD EMMANUEL STREET, BY AIRFORCE JUNCTION RUMUOMASI, PORTHARCOURT');
INSERT INTO branches (id, state_id, name, address) VALUES (217, 1, 'DE-PRAISE EVENT CENTRE', 'ANNEX ONE MAN VILLAGE, NKPOLU, RUMUIGBO, RIVERS STATE');
INSERT INTO branches (id, state_id, name, address) VALUES (218, 1, 'DEN-BEC SATELLITE', '13B EAST-WEST ROAD, BESIDE GTBANK RUMUODUMAYA, PH');
INSERT INTO branches (id, state_id, name, address) VALUES (219, 1, 'OKAHIA', 'OKAHIA ESTATE RUMUIGBO OPP. NNPC, EAST WEST ROAD, PHC');
INSERT INTO branches (id, state_id, name, address) VALUES (220, 1, 'MARINE BASE', 'FIRISIKA POLO, DOWN MARINE BASE, PORT HARCOURT');
INSERT INTO branches (id, state_id, name, address) VALUES (221, 1, 'MGBARAJA ROYAL HALL', 'EGBELU-MGBARAJA, OGBOGORO, OBIO AKPOR, RIVERS STATE');
INSERT INTO branches (id, state_id, name, address) VALUES (222, 1, 'MGBARAJA NEW ROAD', 'MGBARAJA NEW ROAD, OGBOGORO, R/S');
INSERT INTO branches (id, state_id, name, address) VALUES (223, 1, 'MGBUOBA', '112, NTA ROAD, BY LOCATION JUNCTION, BESIDE GTBANK, MGBUOBA, PH');
INSERT INTO branches (id, state_id, name, address) VALUES (224, 1, 'MGBUODOHIA', '#1 YAKUBU STREET, OFF FARM ROAD, MGBUODOHIA, RUMUOLUMENI');
INSERT INTO branches (id, state_id, name, address) VALUES (225, 1, 'MILE 1', '42, IKWERRE ROAD MILE 1 DIOBU, PHC');
INSERT INTO branches (id, state_id, name, address) VALUES (226, 1, 'MILE 2-DIOBU', '#80 NNAKA STREET, MILE 1, DIOBU');
INSERT INTO branches (id, state_id, name, address) VALUES (227, 1, 'MILE 3', '#9 WOBO STREET, MILE 3');
INSERT INTO branches (id, state_id, name, address) VALUES (228, 1, 'MILE 4', '18, EBARA/OROAZI ROAD, RUMUEPIRIKOM, PH');
INSERT INTO branches (id, state_id, name, address) VALUES (229, 1, 'U.O.E', 'IWOFE ROAD, BY BIDDEL FILLING STATION RUMUOLUMENI, PORT HARCOURT');
INSERT INTO branches (id, state_id, name, address) VALUES (230, 1, 'NEW ROAD (BORIKIRI) 1', 'PLOT 159, ABIYE SEKIBO STREET, NEW ROAD, BORIKIRI, PHC');
INSERT INTO branches (id, state_id, name, address) VALUES (231, 1, 'OBUMUNTON CHIRI', 'OBUMUNTON CHIRI COMMUNITY HALL');
INSERT INTO branches (id, state_id, name, address) VALUES (232, 1, 'NDELE', 'FORMER STATE SCHOOL 1-NDELE');
INSERT INTO branches (id, state_id, name, address) VALUES (233, 1, 'NDONI', 'LUCKY ODILI HALL, OLD MARKET ROAD, NDONI, ONELGA, RIVERS STATE');
INSERT INTO branches (id, state_id, name, address) VALUES (234, 1, 'NGO TOWN', 'NGO CHURCH, NGO TOWN, ANDONI');
INSERT INTO branches (id, state_id, name, address) VALUES (235, 1, 'NKPOGWU', '21 NKPOGWU ROAD TRANS AMADI INDUSTRIAL LAYOUT, PORT HARCOURT');
INSERT INTO branches (id, state_id, name, address) VALUES (236, 1, 'NKPOLU', '2, IGWE STREET, OFF TORUGO STREET, OPP. NKPOLU PRIMARY SCHOOL, NKPOLU, RUMUIGBO, PORT HARCOURT');
INSERT INTO branches (id, state_id, name, address) VALUES (237, 1, 'NKPOLU TOWN', 'NKPOLU, PHC');
INSERT INTO branches (id, state_id, name, address) VALUES (238, 1, 'NKPOR', '29 CHIEF (HON) ADELE ORAGBULE CRESCENTS/NAVY NKPOR ROAD, NKPOR PORT HARCOURT');
INSERT INTO branches (id, state_id, name, address) VALUES (239, 1, 'OZUOBA 2', '5 OKPORO STREET, BY RUMUOSI JUNCTION OFF NTA/CHOBA ROAD OZUOBA, PH');
INSERT INTO branches (id, state_id, name, address) VALUES (240, 1, 'NONWA', 'NONWA ULTRA-MODERN MARKET, CONFERENCE HALL NONWA JUNCTION, TAI L.G.A, RIVERS STATE');
INSERT INTO branches (id, state_id, name, address) VALUES (241, 1, 'NORTEM BORI', 'PRINCE IGBARA STREET, POLYTECHNIC ROAD, BORI');
INSERT INTO branches (id, state_id, name, address) VALUES (242, 1, 'OBUAMA', 'COMMUNITY YOUTH CENTRE, OBUAMA, HARRY''S TOWN DEGEMA');
INSERT INTO branches (id, state_id, name, address) VALUES (243, 1, 'OBRIKOM', 'ALONG EGBEMA ROAD, OBRIKOM, ONELGA, RIVERS STATE');
INSERT INTO branches (id, state_id, name, address) VALUES (244, 1, 'OCHIGBA, AHOADA', 'IHUCHI HALL, OCHIGBA AHOADA EAST');
INSERT INTO branches (id, state_id, name, address) VALUES (245, 1, 'ODIEMERENYI', 'WOMEN TOWN HALL ODIERENYI TOWN AHOADA EAST');
INSERT INTO branches (id, state_id, name, address) VALUES (246, 1, 'ODILI ROAD', '#117, ODILI ROAD, AMADI AMA PORT HARCOURT');
INSERT INTO branches (id, state_id, name, address) VALUES (247, 1, 'OGALE-ELEME', 'OPPOSITE DAUGHTER''S OF CHARITY NCHIA-ELEME');
INSERT INTO branches (id, state_id, name, address) VALUES (248, 1, 'OGALE FARM ROAD', 'BY SHELL LOCATION, ELEME');
INSERT INTO branches (id, state_id, name, address) VALUES (249, 1, 'OGIDAO-ETCHE', 'OGIDA TOWN HALL, OGIDA ETCHE');
INSERT INTO branches (id, state_id, name, address) VALUES (250, 1, 'OGBUNABALI', '10 AHIAMAKARA OFF EDE STREET BY WAJA TRANS AMADI JUNCTION, OGBUNABALI, PORT HARCOURT');
INSERT INTO branches (id, state_id, name, address) VALUES (251, 1, 'OGUNABALI 2', '11 OKWU CRESCENT OFF GADA STREET, OGUNABALI PH');
INSERT INTO branches (id, state_id, name, address) VALUES (252, 1, 'OGBO-AHOADA', 'THRIFT HALL, OKIJA LANE OGBO-AHOADA EAST');
INSERT INTO branches (id, state_id, name, address) VALUES (253, 1, 'OGBOGORO', 'ALONG AKPA AHIA AKANMI, OGBOGORO TOWN, PHC');
INSERT INTO branches (id, state_id, name, address) VALUES (254, 1, 'OGOLOGO (EAGLE HOUSE)', 'NO 3, TIMAYA STREET, RUMUCHIORLU, OFF OHAKWE STREET, RUMUIGBO PH');
INSERT INTO branches (id, state_id, name, address) VALUES (255, 1, 'OGU', 'SALVATION MINISTRIES ROAD SANDFIELD AREA, OGU');
INSERT INTO branches (id, state_id, name, address) VALUES (256, 1, 'OGU 2', 'COURT HALL TOWN SQUARE, OGU');
INSERT INTO branches (id, state_id, name, address) VALUES (257, 1, 'OGU 3', 'NEAR OLD CORPER''S LODGE MISSION, TENDE-AMA, OGU');
INSERT INTO branches (id, state_id, name, address) VALUES (258, 1, 'OHIAMINI', '#15 PSYCHIATRIC ROAD, OHIAMINI, RUMUOLA-RUMUIGBO, PH');
INSERT INTO branches (id, state_id, name, address) VALUES (259, 1, 'OKAKI', '#86 HAROLD WILSON DRIVE, OKAKI BORIKIRI');
INSERT INTO branches (id, state_id, name, address) VALUES (260, 1, 'CAPTAIN AMANAGALA', 'OPPOSITE CAPTAIN AMANGALA JUNCTION, BOROKIRI TOWN, PORT HARCOURT');
INSERT INTO branches (id, state_id, name, address) VALUES (261, 1, 'OKEHI-ETCHE', 'ALONG OKEHI-OMUMA FEDERAL ROAD OKEHI 1, ETCHE, RIVERS STATE');
INSERT INTO branches (id, state_id, name, address) VALUES (262, 1, 'OKEMINI ROAD', 'OKEMINI ROAD BY Y-JUNCTION BEHIND NICEEFIELD SCHOOL, RUMUAGHOLU PORT HARCOURT');
INSERT INTO branches (id, state_id, name, address) VALUES (263, 1, 'OKOCHIRI', 'KING NEMI T. OPUTIBEYA AMA, ISAIAH ROAD, OKOCHIRI KINGDOM, OKRIKA');
INSERT INTO branches (id, state_id, name, address) VALUES (264, 1, 'OKOCHIRI 2', 'DCN. DANIEL IBUBELEYE ESTATE CHURCH OFF MESSIAH ROAD OKOCHIRI KINGDOM OKRIKA');
INSERT INTO branches (id, state_id, name, address) VALUES (265, 1, 'OKOGBE-AHOADA', 'DE PRINCE GUEST HOUSE, ALONG OYAKAMA ROAD OKOGBE-AHOADA WEST');
INSERT INTO branches (id, state_id, name, address) VALUES (266, 1, 'OKOMA HALL', '11, IGIATULO COMMUNITY ROAD BESIDE HIGH TIDE MARINE, ABULOMA');
INSERT INTO branches (id, state_id, name, address) VALUES (267, 1, 'OKOMOKO-ETCHE', 'OKOMOKO COMMUNITY, OKOMOKO ETCHE');
INSERT INTO branches (id, state_id, name, address) VALUES (268, 1, 'ACHIEVER', 'ACHIEVER''S INT''L SCHOOL, UMUDU, OMUMA');
INSERT INTO branches (id, state_id, name, address) VALUES (269, 1, 'UMUATURU', 'UMUATURU COMMUNITY HALL');
INSERT INTO branches (id, state_id, name, address) VALUES (270, 1, 'OKPORO ROAD', '#9 CHETA STREET OFF OKPORO ROAD, RUMUODARA');
INSERT INTO branches (id, state_id, name, address) VALUES (271, 1, 'OKRIKA', 'OGBOGBO COMMUNITY HALL, SAND FILLED AREA, OGBOGBO-OKRIKA');
INSERT INTO branches (id, state_id, name, address) VALUES (272, 1, 'OKRIKA-REFINERY', 'REFINERY MAIN GATE SATELLITE CHURCH, ABAM JUNCTION, OKRIKA');
INSERT INTO branches (id, state_id, name, address) VALUES (273, 1, 'OKRIKA-GREAM AMA', 'GREAM-AMA COMMUNITY HALL, GREM-AMA, OKRIKA');
INSERT INTO branches (id, state_id, name, address) VALUES (274, 1, 'OKRIKA-EKEREKANA', 'EKEREKANA COMMUNITY HALL, EKEREKANA OKRIKA');
INSERT INTO branches (id, state_id, name, address) VALUES (275, 1, 'OKRIKA-OGOLOMA', 'OLD OGOLOMA TOWN HALL, BIKE BUS STOP, OGOLOMA, OKRIKA');
INSERT INTO branches (id, state_id, name, address) VALUES (276, 1, 'OKRIKA-GRA', 'CHIEF AMAKIRI STREET, OFF BERENABO ROAD BEHIND AMATEL HOTELS, GRA-ABAM, OKRIKA');
INSERT INTO branches (id, state_id, name, address) VALUES (277, 1, 'OKILTON', 'JONATHAN PLAZA, #20 ADA GEORGE ROAD BY OKILTON JUNCTION, PHC');
INSERT INTO branches (id, state_id, name, address) VALUES (278, 1, 'OLD ABA ROAD OYIGBO', 'PARADISE INTERNATIONAL SCHOOL, #17 OLD ABA, MBANO CAMP, OYIGBO WEST, RIVERS STATE');
INSERT INTO branches (id, state_id, name, address) VALUES (279, 1, 'OLD GRA', 'TOG HOTELS, #1A YOLA STREET, AMADI FLATS, OLD GRA, P/H');
INSERT INTO branches (id, state_id, name, address) VALUES (280, 1, 'OMAGWA', 'OMUOLO TOWN HALL, OMAGWA');
INSERT INTO branches (id, state_id, name, address) VALUES (281, 1, 'OMAGWA 3', 'ALONG OMUIKUME, AGWAWIRIE ROAD, OMUIKUME, OKPARAGWA, OMAGWA TOWN');
INSERT INTO branches (id, state_id, name, address) VALUES (282, 1, 'OMERELU', 'ALONG OWERRI ROAD, OMOPI, OMERELU');
INSERT INTO branches (id, state_id, name, address) VALUES (283, 1, 'OMEGA HOUSE RUMUODARA', 'KM 4 EAST-WEST ROAD, NANKA HALL RUMUODARA');
INSERT INTO branches (id, state_id, name, address) VALUES (284, 1, 'OMOWEALTH', 'ALONG IMOGU ROAD, BY OMOWEALTH FILLING STATION, OMUEKETU, OMAGWA');
INSERT INTO branches (id, state_id, name, address) VALUES (285, 1, 'OMUANWA', 'OMUTE YOUTHS TOWN HALL, OMUTE, OMUANWA');
INSERT INTO branches (id, state_id, name, address) VALUES (286, 1, 'OMOKU', '#180, AHOADA ROAD (FORMER MR. BIGGS BY IKIRI ROUNDABOUT) OMOKU, ONELGA, RIVERS STATE');
INSERT INTO branches (id, state_id, name, address) VALUES (287, 1, 'OMOKU-OGBOGU', '#14 OMOKU/AHOADA ROAD, OPPOSITE COMMUNITY PRIMARY SCHOOL, OGBOGU TOWN, ONELGA, RIVERS STATE');
INSERT INTO branches (id, state_id, name, address) VALUES (288, 1, 'OMOKU-OBAGI', 'EBERE PLAZA, OPPOSITE OBIBOR ROUND ABOUT, OBAGI, ONELGA, RIVERS STATE');
INSERT INTO branches (id, state_id, name, address) VALUES (289, 1, 'OMOKU-EDE', 'AHOADA/OMOKU ROAD BY AMAH JUNCTION, EDE TOWN, ONELGA, RIVERS STATE');
INSERT INTO branches (id, state_id, name, address) VALUES (290, 1, 'OMOKU-EREMA', 'EREMA SHOPPING MALL, EREMA TOWN-ONELGA, RIVERS STATE');
INSERT INTO branches (id, state_id, name, address) VALUES (291, 1, 'OMOKU-OBOBURU', 'IBAGWA TOWN HALL, OBOBURU TOWN, ONELGA, RIVERS STATE');
INSERT INTO branches (id, state_id, name, address) VALUES (292, 1, 'OMOKU IMMACULATE', 'IMMACULATE HOTEL AND EVENT CENTRE, 88 EREMA STREET, OMOKU, ONELGA, RIVERS STATE');
INSERT INTO branches (id, state_id, name, address) VALUES (293, 1, 'OMOKU-OBOHIA', '15/17 OBOHIA ROAD, OMOKU, ONELGA, RIVERS STATE');
INSERT INTO branches (id, state_id, name, address) VALUES (294, 1, 'OMOKU-OBOR', '#67 OBOR ROAD, BEFORE LOCATION JUNCTION, OBOR ROAD, OMOKU, ONELGA, RIVERS STATE');
INSERT INTO branches (id, state_id, name, address) VALUES (295, 1, 'OMOKU-AKABUKA', '#61 AHOADA/OMOKU ROAD, VIC''S VIEW HOTEL & RESORT, AKABUKA TOWN, ONELGA, RIVERS STATE');
INSERT INTO branches (id, state_id, name, address) VALUES (296, 1, 'OMOKU OBIOZIMINI', 'MELFORD UMESI COMPOUND, OBIOZIMINI TOWN, ONELGA, RIVERS STATE');
INSERT INTO branches (id, state_id, name, address) VALUES (297, 1, 'OMUMA', 'UMUKPOTA CHURCH, OPP EBERI PARK, OMUMA, LGA');
INSERT INTO branches (id, state_id, name, address) VALUES (298, 1, 'ONNE', 'RCCG ROAD, LUBEY, AGBETA-ONNE, ELEME L.G.A. RIVERS STATE');
INSERT INTO branches (id, state_id, name, address) VALUES (299, 1, 'ONNE 2', 'BESIDE ST. MARY CATHOLIC CHURCH I.I.T.A. ROAD, ONNE');
INSERT INTO branches (id, state_id, name, address) VALUES (300, 1, 'IKPO-AMA', 'SANDFIELD (PHASE 1), IKPO-AMA, OGU/BOLO L.G.A');
INSERT INTO branches (id, state_id, name, address) VALUES (301, 1, 'OPOBO', 'BRUCE JAJA''S COMPOUND, OPOBO TOWN');
INSERT INTO branches (id, state_id, name, address) VALUES (302, 1, 'NKORO', 'OPOROKUNO PROGRESSIVE HALL SAND FIELD NKORO TOWN OPOBO/NKORO LGA RIVERS STATE');
INSERT INTO branches (id, state_id, name, address) VALUES (303, 1, 'EPELLEME', 'SALVATION MINISTRIES EPELLEMA CICILIA AVENUE, ALONG UZO-UZO EPELLEMA, OPOBO TOWN');
INSERT INTO branches (id, state_id, name, address) VALUES (304, 1, 'CENTER POINT', '#52 HOSPITAL ROAD, BORI');
INSERT INTO branches (id, state_id, name, address) VALUES (305, 1, 'BUNU', 'BESIDES COMMUNITY MARKET, BUNU TOWN, TAI');
INSERT INTO branches (id, state_id, name, address) VALUES (306, 1, 'KIRA', 'KIRA MODERN TOWN HALL, KIRA, TAI');
INSERT INTO branches (id, state_id, name, address) VALUES (307, 1, 'ORADA-OZUOBA', 'RUMUADOBO CIVIC CENTER, OPPOSITE AKPOR PALACE BY BAKERY JUNCTION OZUOBA');
INSERT INTO branches (id, state_id, name, address) VALUES (308, 1, 'ORAIFITE-NEW RUMUIGBO', '#14 WALI OGBONDA ROAD (NTA-MERCYLAND LINK ROAD) OPPOSITE PEPSI DEPOT NEW LAYOUT, NEW RUMUIGBO PH');
INSERT INTO branches (id, state_id, name, address) VALUES (309, 1, 'OROWORUKWO', '#130 ABA ROAD BY ST. JOHN''S CAMPUS GATE OROWORUKWO');
INSERT INTO branches (id, state_id, name, address) VALUES (310, 1, 'OWUDO', '4 IYO CLOSE, OWUDO COMMUNITY ABULOMA, PORT HARCOURT');
INSERT INTO branches (id, state_id, name, address) VALUES (311, 1, 'OYIGBO', 'BY BAMBOO MKT, TIMBER JUNCTION, OYIGBO, RIVERS STATE');
INSERT INTO branches (id, state_id, name, address) VALUES (312, 1, 'OYIGBO-UNIK EVENT CENTRE IRIEBE', '5 UGOHENZ AVENUE, OPP. TARIBO JUNCTION, EGBELU-IRIEBE');
INSERT INTO branches (id, state_id, name, address) VALUES (313, 1, 'EDDY JOHNSON', '52 SHELL LOCATION ROAD, OYIGBO, RIVERS STATE');
INSERT INTO branches (id, state_id, name, address) VALUES (314, 1, 'NEW HEAVEN', 'G-CLIMAX MODEL SCHOOL, #30 NEW HEAVEN ESTATE, OYIGBO');
INSERT INTO branches (id, state_id, name, address) VALUES (315, 1, 'OZUAHA', 'OMUSI-OZUAHA ROAD BY J.M.S, OZUAHA');
INSERT INTO branches (id, state_id, name, address) VALUES (316, 1, 'OZUOBA 1', 'OPPOSITE AKPOR GRAMMAR SCHOOL, OZUOBA');
INSERT INTO branches (id, state_id, name, address) VALUES (317, 1, 'OZUZU-ETCHE', 'OJIA TOWNHALL OZUZU TOWN ETCHE');
INSERT INTO branches (id, state_id, name, address) VALUES (318, 1, 'RUMUOKWURUSI PIPE LINE', 'WUTCHE STREET, PIPELINE, RUMUOKWURUSHI, PORT HARCOURT, RIVERS STATE');
INSERT INTO branches (id, state_id, name, address) VALUES (319, 1, 'AKWAKA 1-KEN STREET', '#2 KEN STREET, NEW ROAD LAYOUT AKWAKA PHASE 2 RUMUODOMAYA PH');
INSERT INTO branches (id, state_id, name, address) VALUES (320, 1, 'AKWAKA 2-AKPULONU STREET', '#1 CHIEF AKPULONU STREET, OPPOSITE 1ST OPTION SCHOOL, AKWAKA, RUMUODOMAYA, PORT HARCOURT');
INSERT INTO branches (id, state_id, name, address) VALUES (321, 1, 'ROSE HALL', '#148 IKWERRE ROAD, RUMUIGBO, PORT HARCOURT');
INSERT INTO branches (id, state_id, name, address) VALUES (322, 1, 'PETER PLAZA', 'PETER PLAZA 47 OGBOGORO ROAD, BESIDE OGASAM PETROL STATION, OGBOGORO PORTHARCOURT');
INSERT INTO branches (id, state_id, name, address) VALUES (323, 1, 'ELIOPARANWO 2', '64, ELIOPARANWO ROAD, PORT HARCOURT');
INSERT INTO branches (id, state_id, name, address) VALUES (324, 1, 'GRACE CENTER RUMUOKWURUSI PIPELINE-2', 'GRACE CENTER RUMUOKWURUSI, PIPELINE-2, PHC');
INSERT INTO branches (id, state_id, name, address) VALUES (325, 1, 'RUKPOKWU CIVIC CENTER', 'RUKPOKWU CIVIC CENTER, BEHIND STATE PRIMARY SCHOOL');
INSERT INTO branches (id, state_id, name, address) VALUES (326, 1, 'RUMUOKWUTA', '10 MGBUGBA/NTA ROAD, ADA-ODUM PLAZA RUMUOKWUTA PHC');
INSERT INTO branches (id, state_id, name, address) VALUES (327, 1, 'RUKPOKWU', 'KM 18 AIRPORT ROAD BY ALUU POLICE CHECK POINT, RUKPOKWU, PORT HARCOURT');
INSERT INTO branches (id, state_id, name, address) VALUES (328, 1, 'RUMUAGHOLU', 'KING''S CITY BRANCH, RUMUAGHOLU, PORT HARCOURT');
INSERT INTO branches (id, state_id, name, address) VALUES (329, 1, 'RUMUAGHOLU PIPELINE', 'RUMUAGHOLU PIPELINE JUNCTION, RUMUAGHOLU');
INSERT INTO branches (id, state_id, name, address) VALUES (330, 1, 'RUMUAPU-ENEKA ROAD', 'OPPOSITE TENDRIL SCHOOL, RUMUAPU ROAD');
INSERT INTO branches (id, state_id, name, address) VALUES (331, 1, 'ENEKA ROUND ABOUT', 'S.E WORLU PLAZA, ENEKA ROUNDABOUT');
INSERT INTO branches (id, state_id, name, address) VALUES (332, 1, 'RUMUEKINI 1', '9 MARKET ROAD BY MTN MASK, RUMUEKINI');
INSERT INTO branches (id, state_id, name, address) VALUES (333, 1, 'RUMUEKINI 2', 'SALVATION STREET BEFORE FISH FARM RUMUEKINI, PHC');
INSERT INTO branches (id, state_id, name, address) VALUES (334, 1, 'EGBELU ALUU LINK', 'EGBELU CHURCH, ALUU LINK ROAD, RIVERS STATE');
INSERT INTO branches (id, state_id, name, address) VALUES (335, 1, 'RUMUEPIRIKOM', 'ODOLI COMMUNITY HALL, ODOLI ROAD, MILE 4, WIMPY PHC');
INSERT INTO branches (id, state_id, name, address) VALUES (336, 1, 'RUMUEWHARA', '#57 OROIGWE ROAD, RUMUEWHARA, OPPOSITE OROIGWE CIVIC CENTRE, PH');
INSERT INTO branches (id, state_id, name, address) VALUES (337, 1, 'RUMUIBEKWE', 'GLORY LAND EVENT CENTRE 15, PARKER CRESCENT, RUMUIBEKWE ESTATE, PH');
INSERT INTO branches (id, state_id, name, address) VALUES (338, 1, 'GLORY BRANCH ENEKA', 'SALVATION MINISTRIES, GLORY BRANCH, ENEKA');
INSERT INTO branches (id, state_id, name, address) VALUES (339, 1, 'RUMUIGBO BARAKAH', '#8, HARUK ROAD OFF OBI WALI ROAD, RUMUIGBO, PORT HARCOURT');
INSERT INTO branches (id, state_id, name, address) VALUES (340, 1, 'RUMUIGBO Y-JUNCTION', '16, APARA/NTA LINK ROAD RUMUIGBO PH');
INSERT INTO branches (id, state_id, name, address) VALUES (341, 1, 'RUMUIGBO CIVIC CENTRE', 'RUMUIGBO CIVIC CENTRE, BESIDE RUMUIGBO PRI. HEALTH CARE CENTRE, IKWERRE RD. RUMUIGBO, PH');
INSERT INTO branches (id, state_id, name, address) VALUES (342, 1, 'RUMUJI', 'MGBUATAFA HALL, RUMUJI-EMOHUA');
INSERT INTO branches (id, state_id, name, address) VALUES (343, 1, 'RUMUEJIMA', 'RUMUEJIMA COMMUNITY HALL BY RUKPOKWU LAST BUS STOP OFF AIRPORT ROAD RUKPOKWU PHC');
INSERT INTO branches (id, state_id, name, address) VALUES (344, 1, 'RUMUEME', '#295, IKWERRE ROAD, OPPOSITE RUMUEME CIVIC CENTRE, MILE 4, DIOBU');
INSERT INTO branches (id, state_id, name, address) VALUES (345, 1, 'RUMUNDURU', '#118 RD, RUMUNDURU');
INSERT INTO branches (id, state_id, name, address) VALUES (346, 1, 'RUMUNDURU TOWN HALL/CULVERT', 'PLOT 40/42 STREAM ROAD BY CULVERT, RUMUNDURU, PORT HARCOURT');
INSERT INTO branches (id, state_id, name, address) VALUES (347, 1, 'RUMUOGBA', 'MIRACLE PLAZA OPPOSITE HERITAGE BANK BY ARTILLERY JUNCTION, OLD ABA ROAD, PORTHARCOURT');
INSERT INTO branches (id, state_id, name, address) VALUES (348, 1, 'RUMUOBIAKANI', '#3 CONSTRUCTION AVENUE, NEPA QUARTERS, OPPOSITE PROPEL FILLING STATION BY RUMUOBIAKANI ROUND ABOUT');
INSERT INTO branches (id, state_id, name, address) VALUES (349, 1, 'RUMUODARA', 'KM 4, EAST/WEST ROAD, NANKA TOWN HALL RUMUODARA, PORT HARCOURT');
INSERT INTO branches (id, state_id, name, address) VALUES (350, 1, 'EVANGEL PLAZA', '#40 AIRPORT ROAD RUMUODOMAYA OPPOSITE RUMUODOMAYA NEW PARK');
INSERT INTO branches (id, state_id, name, address) VALUES (351, 1, 'RUMUODOMAYA PHINEHAS SHOPPING PLAZA', '#76 AIRPORT RD PHINEHAS SHOPPING PLAZA RUMUODOMAYA PORT HARCOURT');
INSERT INTO branches (id, state_id, name, address) VALUES (352, 1, 'RUMUKALAGBOR', '#28, RUMUKALAGBO/ELEKAHIA LINK ROAD, PH');
INSERT INTO branches (id, state_id, name, address) VALUES (353, 1, 'RUMUOKORO', '#10 ELIEKE STREET OPPOSITE UBA, RUMUOKORO');
INSERT INTO branches (id, state_id, name, address) VALUES (354, 1, 'RUMUOKWACHI', '#13, RUMUOKWACHI STR, RUMUOKWACHI TOWN PHC');
INSERT INTO branches (id, state_id, name, address) VALUES (355, 1, 'RUMUOKWURUSI', 'ABA ROAD, ADJACENT TO UBA, RUMUOKWURUSI, PH');
INSERT INTO branches (id, state_id, name, address) VALUES (356, 1, 'RUMUOLUMENI 1', '#97, AKER ROAD, RUMUOLUMENI, PH');
INSERT INTO branches (id, state_id, name, address) VALUES (357, 1, 'RUMUOLUMENI 5', 'PLOT 2, OPPOSITE JESUS CLOSE, OFF AKER ROAD, RUMUOLUMENI');
INSERT INTO branches (id, state_id, name, address) VALUES (358, 1, 'RUMUOSI', '#4 SALVATION ROAD, OPPOSITE GULF GAS PLANT, RUMUOSI');
INSERT INTO branches (id, state_id, name, address) VALUES (359, 1, 'RUMUOWHA', 'ENEKA/RUKPOKWU ROAD RUMUOWHA, ENEKA, PORT HARCOURT');
INSERT INTO branches (id, state_id, name, address) VALUES (360, 1, 'ENUGU STREET', '#3 ENUGU STREET');
INSERT INTO branches (id, state_id, name, address) VALUES (361, 1, 'RUMUWOJI-ALODE NSUKKA', '#44 ABAKALIKI, MILE 1, DIOBU, RUMUWOJI BRANCH PHC');
INSERT INTO branches (id, state_id, name, address) VALUES (362, 1, 'SAND FIELD (BORIKIRI)', '#1 WILSON BAKERY ROAD, NAVY JUNCTION UPE, BORIKIRI, PH');
INSERT INTO branches (id, state_id, name, address) VALUES (363, 1, 'SARS ROAD', 'PLOT 16, ROAD 6, ROYAL ESTATE, SARS ROAD, PHC');
INSERT INTO branches (id, state_id, name, address) VALUES (364, 1, 'SARS ROAD 2', 'MALL FLORA, SARS ROAD');
INSERT INTO branches (id, state_id, name, address) VALUES (365, 1, 'SILA CENTRE UMACHI', '#4 PEACE AVENUE, BEHIND SILA INT''L SCHOOL, OMACHI, RUMUODOMAYA, PH');
INSERT INTO branches (id, state_id, name, address) VALUES (366, 1, 'GOLF ESTATE', 'OKURUAMA COMMUNITY OFF PETER ODILI ROAD, SLAUGHTER/TRANS AMADI PHC');
INSERT INTO branches (id, state_id, name, address) VALUES (367, 1, 'ST PATRICK PLAZA ENEKA', 'NEW LAYOUT ROAD RUMUEWHARA ROAD, PH');
INSERT INTO branches (id, state_id, name, address) VALUES (368, 1, 'TAABAA', 'TAABAA PRIMARY SCHOOL 2');
INSERT INTO branches (id, state_id, name, address) VALUES (369, 1, 'TIMBER JUNCTION', 'EAST-WEST ROAD RUMUOSI, KILOMETER 15 EAST WEST ROAD, RUMUOSI');
INSERT INTO branches (id, state_id, name, address) VALUES (370, 1, 'IMMANUEL BRANCH', '#1 SALVATION CLOSE, IMMANUEL ROAD, ABULOMA, PHC');
INSERT INTO branches (id, state_id, name, address) VALUES (371, 1, 'GLORIOUS HOUSE ELEME', 'ALONG TRAILER PARK ROAD, EAST/WEST ROAD, EBUBU ELEME');
INSERT INTO branches (id, state_id, name, address) VALUES (372, 1, 'UBETA AHOADA', 'UBETA YOUTH CENTRE, UBETA TOWN');
INSERT INTO branches (id, state_id, name, address) VALUES (373, 1, 'UBIMA', 'EBERE COMPOUND OMUORDU, UBIMA');
INSERT INTO branches (id, state_id, name, address) VALUES (374, 1, 'UMUAGBAI', 'WEAVING CENTRE UMUAGBAI OYIGBO');
INSERT INTO branches (id, state_id, name, address) VALUES (375, 1, 'UMUAKURU', 'UMUAKURU COMMUNITY TOWN HALL, IGBO ETCHE');
INSERT INTO branches (id, state_id, name, address) VALUES (376, 1, 'UMUASUKPU', 'CHILDREN FOUNDATION SCHOOL, UMUASUKPU, IGBO-ETCHE');
INSERT INTO branches (id, state_id, name, address) VALUES (377, 1, 'UMUECHEM-ETCHE', 'UMUNWAMBE TOWN HALL UMUOGO UMUECHEM ETCHE ALONG IGWURUTA ROAD');
INSERT INTO branches (id, state_id, name, address) VALUES (378, 1, 'UMUOGODO', 'DE REPUBLIC, BESIDE NNPC FILLING STATION, UMUOGODO, IGBO-ETCHE');
INSERT INTO branches (id, state_id, name, address) VALUES (379, 1, 'UMUEBULE 1', 'CHUMA JUO RESORT 1, SANDFIELD ROAD, UMUEBULE 1, ETCHE LGA, RIVERS STATE');
INSERT INTO branches (id, state_id, name, address) VALUES (380, 1, 'UMUEBULE 2-NJOKU PLAZA', 'BESIDE EVENING MARKET, UMUEBULE 2, ETCHE PHC');
INSERT INTO branches (id, state_id, name, address) VALUES (381, 1, 'UMUEBULE 4', 'UMUEBULU 4 BUNCHY HALL OYIGBO, RIVERS STATE');
INSERT INTO branches (id, state_id, name, address) VALUES (382, 1, 'ULA-UPATA', 'OPP. ULA-UPATA SEC. SCH. ULAUPATA-AHOADA EAST');
INSERT INTO branches (id, state_id, name, address) VALUES (383, 1, 'GRACE CENTER ELIGBOLO', 'NO. 5 NEPA ROAD, BRAINFIELD SCHOOL ROAD ELIGBOLO OFF EAST WEST ROAD, PH');
INSERT INTO branches (id, state_id, name, address) VALUES (384, 1, 'UPATABO', 'EVENT CENTRE BY SECONDARY SCHOOL UPATABO AHOADA WEST');
INSERT INTO branches (id, state_id, name, address) VALUES (385, 1, 'USOKUN-DEGEMA', 'ODERI HOTEL USOKUN DEGEMA');
INSERT INTO branches (id, state_id, name, address) VALUES (386, 1, 'UST CAMPUS', 'RIVERS STATE UNIVERSITY SATELLITE CHURCH, ROAD A, BESIDE STAFF SCHOOL');
INSERT INTO branches (id, state_id, name, address) VALUES (387, 1, 'UZUAKA', 'NDDC NEW HEALTH CENTRE UZUAKU, IMO GATE');
INSERT INTO branches (id, state_id, name, address) VALUES (388, 1, 'VICZAAC-NTA ROAD', 'VICZAAC RENTAL EVENT, #309 NTA ROAD BESIDE NNPC FILLING STATION MGBUOBA PHC');
INSERT INTO branches (id, state_id, name, address) VALUES (389, 1, 'VICTORY HOUSE', 'BEFORE REFINERY JUNCTION (FORMER FESTIVE FAVOUR BUILDING) ALETO ELEME, RIVERS STATE');
INSERT INTO branches (id, state_id, name, address) VALUES (390, 1, 'WIIYAAKARA', 'PYAWUGAH HALL WIIYAAKARA KHANA LGA RIVERS STATE');
INSERT INTO branches (id, state_id, name, address) VALUES (391, 1, 'WOJI 1', 'NO.1 CHURCH CLOSE, BEHIND UBA BANK, YKC JUNCTION, WOJI, PH');
INSERT INTO branches (id, state_id, name, address) VALUES (392, 1, 'WOJI 2', 'REES PLAZA #27 EZEGBAKAGBAKA STREET WOJI PHC, RIVERS STATE');
INSERT INTO branches (id, state_id, name, address) VALUES (393, 1, 'WOJI 3', '25 CIRCULAR ROAD OFF ALCON WOJI TOWN GBALAJAM PORT HARCOURT, RIVERS STATE');
INSERT INTO branches (id, state_id, name, address) VALUES (394, 1, 'WOJI APAMINI', '#13 OMACHI LANE RUMUROLU, APAMINI');
INSERT INTO branches (id, state_id, name, address) VALUES (395, 1, 'WOJI-5 ELIJIJI', '38 ELIJIJI AVENUE RUMUROLU');
INSERT INTO branches (id, state_id, name, address) VALUES (396, 1, 'WOJI 6 NVIGWE', '44 NVIGWE ROAD, WOJI');
INSERT INTO branches (id, state_id, name, address) VALUES (397, 1, 'WOJI 7', 'SALVATION MINISTRIES PALACE JUNCTION BRANCH, WOJI');
INSERT INTO branches (id, state_id, name, address) VALUES (398, 1, 'WOJI 8', 'FAITH INTERNATIONAL SECONDARY SCHOOL, HALL 1, #9 FYNEFACE CHUKWU STREET, OFF ALCON ROAD, WOJI, PORTHARCOURT');
INSERT INTO branches (id, state_id, name, address) VALUES (399, 1, 'WOKOMA', '32, WOKOMA STREET, MILE 3, DIOBU, PH');
INSERT INTO branches (id, state_id, name, address) VALUES (400, 1, 'ZAAKPON', 'COMMUNITY TOWN HALL, ZAAKPON, KHANA LGA, RIVERS STATE');
INSERT INTO branches (id, state_id, name, address) VALUES (401, 1, 'ZIVEN EVENT CENTRE', 'KM4 IGBO ETCHE ROAD BY POLICE CHECK POINT RUMUKWURUSI, PORT HARCOURT');
INSERT INTO branches (id, state_id, name, address) VALUES (402, 1, 'MGBUORI', 'MGBUORI CHURCH RUMUOKWURUSI CIVIC CENTER');
INSERT INTO branches (id, state_id, name, address) VALUES (403, 2, 'IHIE NDUME, UMUAHIA HQ', 'BESIDE PARADISE CRYSTAL HOTEL, OCHENDO BY-PASS, OFF BENDE ROAD, UMUAHIA');
INSERT INTO branches (id, state_id, name, address) VALUES (404, 2, 'WARRI STREET', '4 WARRI STR. ISI-GATE UMUAHIA');
INSERT INTO branches (id, state_id, name, address) VALUES (405, 2, 'UTURU, ABSU', 'OPP. ARMY CHECKPOINT ABSU ABIA STATE');
INSERT INTO branches (id, state_id, name, address) VALUES (406, 2, 'OVIM', 'OVIM');
INSERT INTO branches (id, state_id, name, address) VALUES (407, 2, 'OLOKORO SANTACRUX', 'OLOKORO SANTACRUX');
INSERT INTO branches (id, state_id, name, address) VALUES (408, 2, 'AMUZUKWU OHAFIA', 'AMUZUKWU OHAFIA');
INSERT INTO branches (id, state_id, name, address) VALUES (409, 2, 'AROCHUKWU', 'AROCHUKWU');
INSERT INTO branches (id, state_id, name, address) VALUES (410, 2, 'KENVILLE AGBAMA', 'KENVILLE AGBAMA');
INSERT INTO branches (id, state_id, name, address) VALUES (411, 2, 'OHAFIA EBEN', 'OHAFIA EBEN');
INSERT INTO branches (id, state_id, name, address) VALUES (412, 2, 'UBAKALA', 'UBAKALA');
INSERT INTO branches (id, state_id, name, address) VALUES (413, 2, 'UMUDIKE', 'UMUDIKE');
INSERT INTO branches (id, state_id, name, address) VALUES (414, 2, 'PATORAIL', '#11 ABA RD, PATORAL HOTEL');
INSERT INTO branches (id, state_id, name, address) VALUES (415, 2, 'AMAEKPU OHAFIA', 'AMAEKPU OHAFIA');
INSERT INTO branches (id, state_id, name, address) VALUES (416, 2, 'ELUAMA', 'ELUAMA');
INSERT INTO branches (id, state_id, name, address) VALUES (417, 2, 'OKIGWE RD, ABA HQ', '135C OKIGWE ROAD ABA');
INSERT INTO branches (id, state_id, name, address) VALUES (418, 2, 'PARK RD ABA', '#2 PARK ROAD ABA');
INSERT INTO branches (id, state_id, name, address) VALUES (419, 2, 'UKAEGBU (OGBOR HILL)', '#1, UKAEGBU RD, OGBOHILL ABA');
INSERT INTO branches (id, state_id, name, address) VALUES (420, 2, 'OSUSU FAULK (ABA)', '#51 FAULKS ROAD, OSUSU');
INSERT INTO branches (id, state_id, name, address) VALUES (421, 2, 'OKPU UMUOBO', 'UNION BANK BAYI ABA');
INSERT INTO branches (id, state_id, name, address) VALUES (422, 2, 'OGWO RD', '#81 OGWO ROAD BY U GWUKE PARK');
INSERT INTO branches (id, state_id, name, address) VALUES (423, 2, 'PH ROAD', '#2, ONUOHA STR BY PH RD');
INSERT INTO branches (id, state_id, name, address) VALUES (424, 2, 'NGWA RD', '#17B, NGWA RD ABA');
INSERT INTO branches (id, state_id, name, address) VALUES (425, 2, 'OHANKU', '#166 OHANKU RD BY IHEOJI MARKET');
INSERT INTO branches (id, state_id, name, address) VALUES (426, 2, 'NNETU', 'EZIUKWU COMMUNITY HALL');
INSERT INTO branches (id, state_id, name, address) VALUES (427, 2, 'ENWEREJI OVOM RD', '#5, EBWEREJI STR OFF AKPU RD BY OVOM');
INSERT INTO branches (id, state_id, name, address) VALUES (428, 2, 'NEW UMUAHIA RD, AGBOR HILL', '#14B, NEW UMUAHIA RD OGBOHILL ABA');
INSERT INTO branches (id, state_id, name, address) VALUES (429, 2, 'OLD EXPRESS', '#252 OLD EXPRESS BY URATTA ABA');
INSERT INTO branches (id, state_id, name, address) VALUES (430, 2, 'ARIARA', '#269 FAULKS RD BY ARIARIA JUNCTION ABA');
INSERT INTO branches (id, state_id, name, address) VALUES (431, 2, 'AZUMINI', 'AGHANIRU WOMEN HALL, UKWA EAST');
INSERT INTO branches (id, state_id, name, address) VALUES (432, 2, 'OBEHIE', 'OBEHIE CENTRAL SCHOOL');
INSERT INTO branches (id, state_id, name, address) VALUES (433, 2, 'UMULE', '#69 UMULE ROAD ABA');
INSERT INTO branches (id, state_id, name, address) VALUES (434, 2, 'ABIRIBA', 'BOURDEX FARM ROAD, ABIRIBA');
INSERT INTO branches (id, state_id, name, address) VALUES (435, 2, 'DIVINE', 'DIVINE FAVOUR HALL, 8 OLD EXPRESS');
INSERT INTO branches (id, state_id, name, address) VALUES (436, 2, 'ABIRIBA-2, AGBAJA NKPORO', 'AGBAJA NKPORO');
INSERT INTO branches (id, state_id, name, address) VALUES (437, 3, 'ABAK', '67 HOSPITAL ROAD ADJACENT TO UNION BANK, ABAK');
INSERT INTO branches (id, state_id, name, address) VALUES (438, 3, 'ABAK ROAD', 'NEAR FLYOVER, ABAK ROAD, OBIO OFFOT UYO');
INSERT INTO branches (id, state_id, name, address) VALUES (439, 3, 'AFAHA NSIT', 'CLOSE TO WATERBOARD STATION, AFAHA NSIT, NSIT IBOM LGA');
INSERT INTO branches (id, state_id, name, address) VALUES (440, 3, 'AFAHA OFFIONG', '#1 CIVIC CENTRE ROAD, AFAHA OFFIONG, NSIT IBOM');
INSERT INTO branches (id, state_id, name, address) VALUES (441, 3, 'IKOT ASURUA', '241 ABA RD, IKOT OSURUA. IKOT EKPENE');
INSERT INTO branches (id, state_id, name, address) VALUES (442, 3, 'CALABAR ITU', '#26 CALABAR ITU HIGH WAY, ITAM UYO');
INSERT INTO branches (id, state_id, name, address) VALUES (443, 3, 'EWET HOUSING', '78 BENNETT BASSEY, C-LINE EWET HOUSING ESTATE, OPP. KILIMAJARO, ORON ROAD, UYO');
INSERT INTO branches (id, state_id, name, address) VALUES (444, 3, 'ETINAN', '#13. UMOH ETUK UDOH STREET, OPPOSITE ETINAN MARKET, ETINAN');
INSERT INTO branches (id, state_id, name, address) VALUES (445, 3, 'ETE-IKOT ABASI', 'ETE BY METHODIST CENTRAL SCHOOL, ETE TOWN');
INSERT INTO branches (id, state_id, name, address) VALUES (446, 3, 'FOUR LANE', 'GRACE AND MERCY HOUSE, #135A EDET AKPAN AVENUE (4 LANE) UYO');
INSERT INTO branches (id, state_id, name, address) VALUES (447, 3, 'IBESIKPO', 'IKOT AKPA ETOK, AFTER HEALTH CENTRE, NUNG UDOE, IBESIKPO');
INSERT INTO branches (id, state_id, name, address) VALUES (448, 3, 'IDORO RD', 'DORO EXPRESS ROAD, BESIDE CRYSTAL FILLING STATION, UYO');
INSERT INTO branches (id, state_id, name, address) VALUES (449, 3, 'IDORO 2', '41 IDORO ROAD, ADJACENT ROAD SAFETY OFFICE, UYO');
INSERT INTO branches (id, state_id, name, address) VALUES (450, 3, 'IBAKA', '6, BASSEY ETIFIT STREET, BEHIND NAVY CHECK POINT, IBAKA');
INSERT INTO branches (id, state_id, name, address) VALUES (451, 3, 'IKOT-AKPADEN', 'AKPANDEN JUNCTION MKPAT ENIN L.G.A');
INSERT INTO branches (id, state_id, name, address) VALUES (452, 3, 'IKOT-EKPENE', 'NO 10B NIGER STREET IKOT EKPENE');
INSERT INTO branches (id, state_id, name, address) VALUES (453, 3, 'NTO OTONG', 'NTO-OTONG MIDIM ABAK, ALONG ETIM EKPO ROAD');
INSERT INTO branches (id, state_id, name, address) VALUES (454, 3, 'IKONO', 'CLUB 999 ETIM-EDIENE IKONO, AKWA IBOM STATE');
INSERT INTO branches (id, state_id, name, address) VALUES (455, 3, 'IKPA ROAD', '#47 IKPA RD, BESIDES UNIUYO ANNEX GATE, UYO');
INSERT INTO branches (id, state_id, name, address) VALUES (456, 3, 'ITAK', 'ITAK BY KRIS-B LOUNGE');
INSERT INTO branches (id, state_id, name, address) VALUES (457, 3, 'MBIEREBE', '178 MBIEREBE OBIO, AFTER MBIEREBE MARKET AKA ETINAN ROAD, UYO');
INSERT INTO branches (id, state_id, name, address) VALUES (458, 3, 'NWANIBA RD', '277 NWANIBA RD, UYO');
INSERT INTO branches (id, state_id, name, address) VALUES (459, 3, 'NDIYA', 'DE-BROWNSON PLAZA, NDIYA, NSIT UBIUM');
INSERT INTO branches (id, state_id, name, address) VALUES (460, 3, 'OKOBO', 'OKOPEDI OKOBO UYO ROAD, OKOBO');
INSERT INTO branches (id, state_id, name, address) VALUES (461, 3, 'ORON', '308 ORON ROAD OPPOSITE NEPA OFFICE, ORON');
INSERT INTO branches (id, state_id, name, address) VALUES (462, 3, 'ORON RD, UYO', '#223 ORON ROAD, UYO (BY TIMBER JUNCTION)');
INSERT INTO branches (id, state_id, name, address) VALUES (463, 3, 'UKANAFUN', '#13 EKPARAKWA ROAD, UKANAFUN');
INSERT INTO branches (id, state_id, name, address) VALUES (464, 3, 'OBOT IDIM', '#112, AKA NUNG UDOE ROAD, BEFORE OBIT IDIM JUNCTION, UYO');
INSERT INTO branches (id, state_id, name, address) VALUES (465, 3, 'UDOTONG, UYO (HQ)', '#9 UDOTUNG UBO STR, OFF AKA ROAD, UYO');
INSERT INTO branches (id, state_id, name, address) VALUES (466, 3, 'INI', 'IKPE IKOT UKON INI LOCAL GOVERNMENT AREA');
INSERT INTO branches (id, state_id, name, address) VALUES (467, 3, 'ABAK RD 2', '121 ABAK RD BY UKANAFFOT TRAFFIC LIGHT, UYO');
INSERT INTO branches (id, state_id, name, address) VALUES (468, 3, 'IKOT EKPENE RD', '1 UDOBIO STREET, OFF IKOT EKPENE RD, BY KILIMANJARO, UYO');
INSERT INTO branches (id, state_id, name, address) VALUES (469, 3, 'ATA UDOSUNG', 'ATA UDOSUNG, IKOT ABASI, UYO, AKWA IBOM STATE');
INSERT INTO branches (id, state_id, name, address) VALUES (470, 3, 'PLAZA ABAK RD', 'ABAK ROAD BY PLAZA, IKOT EKPENE');
INSERT INTO branches (id, state_id, name, address) VALUES (471, 3, 'EKABAM NSUKARA', 'EKABAM NSUKARA');
INSERT INTO branches (id, state_id, name, address) VALUES (472, 3, 'ONNA', 'ONNA');
INSERT INTO branches (id, state_id, name, address) VALUES (473, 3, 'EKOM IMAN', 'EKOM IMAN');
INSERT INTO branches (id, state_id, name, address) VALUES (474, 3, 'OBOT AKARA', 'OBOT AKARA');
INSERT INTO branches (id, state_id, name, address) VALUES (475, 3, 'EKET ORON RD', '#7 AFAHA ATIA ROAD, OFF EKET ORON ROAD, EKET');
INSERT INTO branches (id, state_id, name, address) VALUES (476, 3, 'GRACE BILL EKET-HQ', 'GRACEBILL EKET');
INSERT INTO branches (id, state_id, name, address) VALUES (477, 3, 'EKET IDIAM', '#7 AYAYAK STREET, OFF IDUA, EKET');
INSERT INTO branches (id, state_id, name, address) VALUES (478, 3, 'EKET MARINA', '#10 MARINA RD, EKET');
INSERT INTO branches (id, state_id, name, address) VALUES (479, 3, 'IBENO', '#1 TERMINAL ROAD, IBENO, OPP EXXONMOBIL, IBENO');
INSERT INTO branches (id, state_id, name, address) VALUES (480, 3, 'IKOT OKON RD', 'KM 4, EKET-ETINA ROAD, IKOT OKUDOMO OKON TOWN HALL, BESIDE TIPPER WORKSHOP');
INSERT INTO branches (id, state_id, name, address) VALUES (481, 3, 'IKOT UDOTA', 'IKOT UDOTA ROAD BY HERITAGE POLYTECHNIC, EKET');
INSERT INTO branches (id, state_id, name, address) VALUES (482, 3, 'EKPRI NSUKARA', 'EKPRI NSUKARA');
INSERT INTO branches (id, state_id, name, address) VALUES (483, 4, 'TEMP SITE AWKA', 'DESTINY POT''S FAST FOOD, NO 13 OBY-OKOLI AVENUE UNIZIK TEMP SITE AWKA');
INSERT INTO branches (id, state_id, name, address) VALUES (484, 4, 'OBOSI', '1, ALONG MIKE AJEGBO ROAD, OBOSI MICRO FINANCE BANK BUILDING OBOSI');
INSERT INTO branches (id, state_id, name, address) VALUES (485, 4, 'IHIALA', 'PAAP PLAZA OPPOSITE EZIANI PRIMARY SCHOOL ALONG ORLU ROAD IHIALA');
INSERT INTO branches (id, state_id, name, address) VALUES (486, 4, 'ONITSHA UPPER IWEKA (HQ)', 'NO 18, NEW AMERICAN QUARTERS ONITSHA ANAMBRA STATE');
INSERT INTO branches (id, state_id, name, address) VALUES (487, 4, 'NNEWI 1, LUCO', 'LUCO PLAZA BESIDE ANAEDO HALL OTOLO NNEWI');
INSERT INTO branches (id, state_id, name, address) VALUES (488, 4, 'NNEWI 2, OLD ONITSHA ROAD', 'NO 69 OLD ONITSHA ROAD BESIDE NAU TEACHING HOSPITAL NNEWI');
INSERT INTO branches (id, state_id, name, address) VALUES (489, 4, 'NNEWI 3', 'No 37 Odume Lay out, Ugwumba Junction Nkpor');
INSERT INTO branches (id, state_id, name, address) VALUES (490, 4, 'NNEWI 4, NNOBI', 'ALONG NNOBI/NKPOR ROAD, AFTER UMUAGU JUNCTION NNOBI');
INSERT INTO branches (id, state_id, name, address) VALUES (491, 4, 'NDIKELIONWU', 'BESIDE NDIKELIONWU TOWN HALL, OPPOSITE WHITE HOUSE, EKWULOBI A-OKO-UMUNZE ROAD, NDIKELIONWU');
INSERT INTO branches (id, state_id, name, address) VALUES (492, 4, 'OWERRI RD, ONITSHA', 'OWERRI ONITSHA ROAD');
INSERT INTO branches (id, state_id, name, address) VALUES (493, 4, 'IFITE, AWKA BRANCH', '#295 IFITE ROAD, RUBEZ VILLA JUNCTION IFITE AWKA');
INSERT INTO branches (id, state_id, name, address) VALUES (494, 4, 'ICHI', 'BESIDES ICHI TECHNICAL SECONDARY SCHOOL OFF OLD ONITSHA ROAD, ANAMBRA STATE');
INSERT INTO branches (id, state_id, name, address) VALUES (495, 4, 'OGBUNIKE', 'DIVINE HERITAGE PLAZA, OPP ONWA JUNCTION OGBUNIKE, OGIDI');
INSERT INTO branches (id, state_id, name, address) VALUES (496, 4, 'AWADA', '#17 CC MUOGBO STREET, ODUME OBOSI, THE TOWN UNION HALL, RAINBOWNET BACK OF ARMY BARRACK');
INSERT INTO branches (id, state_id, name, address) VALUES (497, 4, 'OBA', 'CHIBON JUNCTION BESIDE CHIBON HOTEL OBA');
INSERT INTO branches (id, state_id, name, address) VALUES (498, 5, 'LOW COST HOUSE', '39 Iyorchia Ayu road, Wurukum Makurdi');
INSERT INTO branches (id, state_id, name, address) VALUES (499, 5, 'MUBI', 'MUBI');
INSERT INTO branches (id, state_id, name, address) VALUES (500, 5, 'NUMAN', 'GWEDA-MALLAM, BEHIND MAYASIN FILLING STATION, NUMAN');
INSERT INTO branches (id, state_id, name, address) VALUES (501, 6, 'BAUCHI', 'RAFIN-ZURFI, BENCO JUNCTION, BAUCHI');
INSERT INTO branches (id, state_id, name, address) VALUES (502, 6, 'SALAMA-1 YELWAN KUSU', 'SALAMA-1, YELWAN KUSU');
INSERT INTO branches (id, state_id, name, address) VALUES (503, 6, 'TAFAWA BELEWA', 'BASE 10, SABO PLAZA, TAFAWA BELEWA');
INSERT INTO branches (id, state_id, name, address) VALUES (504, 7, 'IMGBI', '18 IMGBI ROAD, AMARATA');
INSERT INTO branches (id, state_id, name, address) VALUES (505, 7, 'EDEPIE', 'MELFORD OKILO EXPRESSWAY, EDEPIE');
INSERT INTO branches (id, state_id, name, address) VALUES (506, 7, 'KPANSIA', 'ZIONHILL: ISAAC BORO EXPRESSWAY, BY OTIOTIO JUNCTION');
INSERT INTO branches (id, state_id, name, address) VALUES (507, 7, 'AMASSOMA', '#4 NDU ROAD, BY NDU MAINGATE');
INSERT INTO branches (id, state_id, name, address) VALUES (508, 7, 'AZIKORO', 'SALVATION DRIVE AZIKORO TOWN');
INSERT INTO branches (id, state_id, name, address) VALUES (509, 7, 'NEMBE', 'UBE PRIMARY SCHOOL HALL, TOMBI');
INSERT INTO branches (id, state_id, name, address) VALUES (510, 7, 'OKAKA', 'LAKEVIEW COMPLEX, OKAKA');
INSERT INTO branches (id, state_id, name, address) VALUES (511, 7, 'IGBOGENE', 'ACHIEVERS FARM, IGBOGENE');
INSERT INTO branches (id, state_id, name, address) VALUES (512, 7, 'MBIAMA', 'NEW LIFE PLAZA, OPPOSITE J.K JUNCTION');
INSERT INTO branches (id, state_id, name, address) VALUES (513, 7, 'OBUNAGHA', 'LNG ROAD BY FIDO WATER');
INSERT INTO branches (id, state_id, name, address) VALUES (514, 7, 'KAIAMA', 'ZUOFA''S RESIDENCE, FORU-WARI, OLOBIRI COMPOUND');
INSERT INTO branches (id, state_id, name, address) VALUES (515, 7, 'ODI', 'IBIMO HALL, OGBOLOMA COMPOUND');
INSERT INTO branches (id, state_id, name, address) VALUES (516, 7, 'OPU-NEMBE', 'SILVA OPUALA CHARLES ROAD, SANDFIELD');
INSERT INTO branches (id, state_id, name, address) VALUES (517, 7, 'HARBOUR ROAD', 'BY SHELL RAMP, DOWN YENAGOA');
INSERT INTO branches (id, state_id, name, address) VALUES (518, 7, 'OTUOKE', 'QUEENS GATE APARTMENT, P.A. ESTATE');
INSERT INTO branches (id, state_id, name, address) VALUES (519, 7, 'SAGBAMA', 'TIMI PLAZA BESIDE GENERAL HOSPITAL, MILE 2');
INSERT INTO branches (id, state_id, name, address) VALUES (520, 7, 'OKUTUKUTU', 'AMASOAMA ROAD');
INSERT INTO branches (id, state_id, name, address) VALUES (521, 7, 'OTUASEGA', 'BESIDE RAYGANA GUEST HOUSE');
INSERT INTO branches (id, state_id, name, address) VALUES (522, 7, 'OGBIA', 'BEFORE GOVERNMENT JETTY');
INSERT INTO branches (id, state_id, name, address) VALUES (523, 7, 'SABAGREIA', 'NO.4 AYAMABIRI COMPOUND');
INSERT INTO branches (id, state_id, name, address) VALUES (524, 7, 'OMPADEC', 'BESIDE OMPADEC SCH.');
INSERT INTO branches (id, state_id, name, address) VALUES (525, 7, 'OBOGORO', 'SHOPRITE SUPERMARKET, ALONG ANYAMA ROAD, OGOGORO');
INSERT INTO branches (id, state_id, name, address) VALUES (526, 7, 'AGBURA', 'MUNA STREET, ALONG AZIKORO/AGBURA ROAD');
INSERT INTO branches (id, state_id, name, address) VALUES (527, 7, 'AGRISABA', 'STELLA OTIOTIO''S RESIDENCE');
INSERT INTO branches (id, state_id, name, address) VALUES (528, 7, 'TWON BRASS', 'CAMEROON-AMA');
INSERT INTO branches (id, state_id, name, address) VALUES (529, 7, 'TORU ORUA', 'CIVIC CENTRE');
INSERT INTO branches (id, state_id, name, address) VALUES (530, 7, 'AKENFA', 'OPP. SOBAZ FILLING STATION');
INSERT INTO branches (id, state_id, name, address) VALUES (531, 7, 'OPOLO', 'OPP. MARKET SQUARE');
INSERT INTO branches (id, state_id, name, address) VALUES (532, 7, 'YENEGWE', 'DIVINE SCHOOL ROAD, BY AGOFA FILLING STATION');
INSERT INTO branches (id, state_id, name, address) VALUES (533, 7, 'IMIRIGI', 'BESIDE U.B.E PRI. SCH');
INSERT INTO branches (id, state_id, name, address) VALUES (534, 7, 'OGOLOMA', 'SALVATION MINISTRIES, GBARAIN KINGDOM');
INSERT INTO branches (id, state_id, name, address) VALUES (535, 7, 'ELEBELE', 'ALONG ELEBELE EMEYAL, FORMER JAMSCO');
INSERT INTO branches (id, state_id, name, address) VALUES (536, 7, 'BEBELEBIRI', 'BESIDE MTN MAST');
INSERT INTO branches (id, state_id, name, address) VALUES (537, 7, 'OKOROBA', 'BESIDE COTTAGE HOSPITAL');
INSERT INTO branches (id, state_id, name, address) VALUES (538, 7, 'EWOI', 'EWOI ROAD, EWOI');
INSERT INTO branches (id, state_id, name, address) VALUES (539, 7, 'TOMBIA', 'SCHOOL OF NURSING ROAD');
INSERT INTO branches (id, state_id, name, address) VALUES (540, 7, 'OTUOKPOTI', 'OPP. CHISPY GUEST HOUSE');
INSERT INTO branches (id, state_id, name, address) VALUES (541, 7, 'ADAGBABIRI', 'OGBENBIRI QUARTERS');
INSERT INTO branches (id, state_id, name, address) VALUES (542, 7, 'NEMBE CREEK', 'NEMBE');
INSERT INTO branches (id, state_id, name, address) VALUES (543, 7, 'IGBOMOTORU 2', 'SOUTHERN IJAW');
INSERT INTO branches (id, state_id, name, address) VALUES (544, 7, 'EKEREMOR', 'EKEREMOR TOWN');
INSERT INTO branches (id, state_id, name, address) VALUES (545, 7, 'ALEIBIRI', 'ALEIBIRI TOWN');
INSERT INTO branches (id, state_id, name, address) VALUES (546, 7, 'KOLO', 'KOLO TOWN');
INSERT INTO branches (id, state_id, name, address) VALUES (547, 7, 'AGUDAMA', 'POWEL PLAZA, #1 DR. PARKINSON MARK MANUEL STREET, AGUDAMA-EPIE');
INSERT INTO branches (id, state_id, name, address) VALUES (548, 7, 'OGU', 'ABRIMA COMPOUND OGU COMMUNITY');
INSERT INTO branches (id, state_id, name, address) VALUES (549, 7, 'TROFANI', 'FORMER AMA-PERE''S PALACE');
INSERT INTO branches (id, state_id, name, address) VALUES (550, 7, 'OKPOAMA BRASS', 'OKPOAMA-BRASS');
INSERT INTO branches (id, state_id, name, address) VALUES (551, 7, 'FANGBE', 'NPN OGBARA QUARTERS OPP. FAMGBE SECONDARY SCHOOL');
INSERT INTO branches (id, state_id, name, address) VALUES (552, 7, 'ETEGWE', 'NO.1 BUILDERS ROAD AVENUE, ETEGWE, ALONG NEW COMMISSIONERS QUARTERS RD. OPOLO');
INSERT INTO branches (id, state_id, name, address) VALUES (553, 7, 'TALBOT', 'TALBOTS HOUSE SANAH1 QUARTERS, PERETORUGBENE, EKEREMOR');
INSERT INTO branches (id, state_id, name, address) VALUES (554, 7, 'EKOWE', 'JACOB COURT IPAINPOLO COMPOUND, EKOWE');
INSERT INTO branches (id, state_id, name, address) VALUES (555, 7, 'SAMPOU', 'OKORO PRIMARY BUILDING, SAMPOU COMMUNITY, KOLGA, BAYELSA STATE');
INSERT INTO branches (id, state_id, name, address) VALUES (556, 7, 'OLOGOAMA', 'OGOLOAMA OUT-OKOROMA, OKOROAMA CLAN NEMBE LGA');
INSERT INTO branches (id, state_id, name, address) VALUES (557, 7, 'AKENFA 2', '#1 OLD MKT/LOCATION OFF GLORY DRIVE');
INSERT INTO branches (id, state_id, name, address) VALUES (558, 8, 'IYORCHIA, WURUKUM', '39 Iyorchia Ayu road, Wurukum Makurdi');
INSERT INTO branches (id, state_id, name, address) VALUES (559, 8, 'UNIAGRIC', 'Opp. Paradise Hostel Southcore Makurdi');
INSERT INTO branches (id, state_id, name, address) VALUES (560, 8, 'GYADO, GBOKO', 'Gyado junction Gboko');
INSERT INTO branches (id, state_id, name, address) VALUES (561, 8, 'FEMAS, OTUKPO', 'New heaven Otukpo, behind David Mark''s house');
INSERT INTO branches (id, state_id, name, address) VALUES (562, 8, 'WELFARE QUARTERS', 'Welfare Quarters beside Suswan farm Makurdi');
INSERT INTO branches (id, state_id, name, address) VALUES (563, 8, 'YINA', 'Yina Junction opp. GOTV Mass Makurdi');
INSERT INTO branches (id, state_id, name, address) VALUES (564, 9, 'MAIDUGURI', '#39B ABUJA STREET, SHAGARI LOW COST A, MAIDUGURI, BORNO STATE');
INSERT INTO branches (id, state_id, name, address) VALUES (565, 10, 'AKAMKPA', 'CALABAR/IKOM HIGHWAY OPPOSITE FIRST BANK AKAMKPA');
INSERT INTO branches (id, state_id, name, address) VALUES (566, 10, 'ATU', 'NO.50 WEBBER/ATU STREET, CALABAR SOUTH');
INSERT INTO branches (id, state_id, name, address) VALUES (567, 10, 'ATAMONU 1', 'NO. 81 ATAMUNU STREET, CALABAR SOUTH');
INSERT INTO branches (id, state_id, name, address) VALUES (568, 10, 'ATAMONU 2', 'NO.2 ATAMUNU LANE CALABAR SOUTH');
INSERT INTO branches (id, state_id, name, address) VALUES (569, 10, 'EBOM', 'HALL 5, PCN PRIMARY SCHOOL, EBOM TOWN');
INSERT INTO branches (id, state_id, name, address) VALUES (570, 10, 'ETTA AGBOR', 'PLOT 206 ETTA AGBOR LAYOUT, HALL 2 RD OFF ETTA AGBOR RD, CALABAR');
INSERT INTO branches (id, state_id, name, address) VALUES (571, 10, 'EDIBA', 'BARACK ROAD OPP HEALTH CARE CENTER, EDIBA');
INSERT INTO branches (id, state_id, name, address) VALUES (572, 10, 'EKORI', 'AKUGOM-EBE TOWN HALL EPENTI EKORI');
INSERT INTO branches (id, state_id, name, address) VALUES (573, 10, 'FEDERAL HOUSING', 'PLOT 14 BLOCK 8 PHASE 2, FEDERAL HOUSING ESTATE');
INSERT INTO branches (id, state_id, name, address) VALUES (574, 10, 'HIGHWAY, CALABAR', 'NO.26 MURTALA MUHAMMAD, HIGH WAY');
INSERT INTO branches (id, state_id, name, address) VALUES (575, 10, 'IKOM', 'EBUSAN HOTEL BANQUET HALL, AGRIC ROAD, IKOM CROSS RIVER');
INSERT INTO branches (id, state_id, name, address) VALUES (576, 10, 'IKOT ANSA', 'NO. 14 JOSEPH MKPANG STREET, IKOT ANSA');
INSERT INTO branches (id, state_id, name, address) VALUES (577, 10, 'MAYNE (ETOI)', 'NO9/11 ETOI STREET, OPPOSITE DSTV GOLDIE');
INSERT INTO branches (id, state_id, name, address) VALUES (578, 10, 'MOUNT ZION', 'NO.16 DANIEL HOGAN STREET, CALABAR SOUTH');
INSERT INTO branches (id, state_id, name, address) VALUES (579, 10, 'NYANGHASANG', 'NO 5 EDEM OKON STREET, NYANGHASAN');
INSERT INTO branches (id, state_id, name, address) VALUES (580, 10, 'OBUBRA 1', 'NO.13 MARKET JUNC, ONYEN OKPON VILLA OBUBRA');
INSERT INTO branches (id, state_id, name, address) VALUES (581, 10, 'OGOJA', 'NO.21 MBUBE ROAD, OPPOSITE NEW NYANYA MOTOR PARK ABAKPA, OGOJA');
INSERT INTO branches (id, state_id, name, address) VALUES (582, 10, 'OTOP ABASI', 'NO 6A OTOP ABASI STREET CALABAR');
INSERT INTO branches (id, state_id, name, address) VALUES (583, 10, 'UGEP 1', 'PLOT 23, OFF ELETANG STREET, MAJOR WINTER''S VILLA EGBIZUM, UGEP');
INSERT INTO branches (id, state_id, name, address) VALUES (584, 10, 'UGEP 2', 'NO.6 IKOM CALABAR HIGHWAY, NTANKPO, UGEP');
INSERT INTO branches (id, state_id, name, address) VALUES (585, 10, 'UGEP 3', 'NO.1 OKOI IKONA STREET, LETEKOM IJMAN, UGEP');
INSERT INTO branches (id, state_id, name, address) VALUES (586, 10, 'ODUKPANI', 'NO.1 SPRING ROAD BY NYSC JUNCTION, ODUKPANI, QUA TOWN');
INSERT INTO branches (id, state_id, name, address) VALUES (587, 10, 'AKPABUYO', 'CROSPIL JUNCTION BY CROSPIL ESTATE ROAD, AKPABUYO');
INSERT INTO branches (id, state_id, name, address) VALUES (588, 10, 'OBUDU', 'NO.72 OGOJA ROAD, OBUDU');
INSERT INTO branches (id, state_id, name, address) VALUES (589, 10, 'EKPO ABASI', 'NO.13B EKPO ABASI STREET, TRUE DIAMOND EVENT HALL, CALABAR');
INSERT INTO branches (id, state_id, name, address) VALUES (590, 10, 'USUMUTONG', 'FORMER CUSTOMARY COURT HALL, ENO KPORE VILLA, USUMUTONG');
INSERT INTO branches (id, state_id, name, address) VALUES (591, 10, 'EKORINIM, HQ', 'PLOT 384 INDUSTRIAL LAYOUT, CALABAR');
INSERT INTO branches (id, state_id, name, address) VALUES (592, 10, 'OBUBRA 2', 'IMOKE HALL OPPOSITE OVONUM ELECTRICITY TRANSFORMER OBUBRA');
INSERT INTO branches (id, state_id, name, address) VALUES (593, 10, 'BAKASSI', 'GIVER''S INTERNATIONAL SCHOOL BAKASI');
INSERT INTO branches (id, state_id, name, address) VALUES (594, 10, '#303 MMHW', '303 MURTALA MUHAMMAD HIGH WAY, BY WALT OVER JUNCTION 8-MILES');
INSERT INTO branches (id, state_id, name, address) VALUES (595, 10, 'WOMEN DEV, OBUBRA-2', 'WOMEN DEVELOPMENT CENTRE ADJACENT FIRST BANK, MILE 1, OBUBRA URBAN');
INSERT INTO branches (id, state_id, name, address) VALUES (596, 10, 'OKANGHA NKPANSI', 'NEW MR PHILIP E. COMPOUND, OKANGHA NKPANSI IKOM');
INSERT INTO branches (id, state_id, name, address) VALUES (597, 11, 'AIRPORT RD', 'DANDANI EVENT CENTER #128 AIRPORT ROAD');
INSERT INTO branches (id, state_id, name, address) VALUES (598, 11, 'AJAMIMOGHA', '#55 AJAMIMOGHA RD, WARRI');
INSERT INTO branches (id, state_id, name, address) VALUES (599, 11, 'AGBARHO', '#6 EWHERHE RD BY MODERN PRY SCH');
INSERT INTO branches (id, state_id, name, address) VALUES (600, 11, 'AGBARHO OTOR', '#6 OKOSE STREET OFF AGBARHA/EMEVO RD, AGBARHA-OTOR');
INSERT INTO branches (id, state_id, name, address) VALUES (601, 11, 'ABRAKA 1', 'FORMER DOUBLE DELIGHT FAST FOOD BY FSP JUNCTION');
INSERT INTO branches (id, state_id, name, address) VALUES (602, 11, 'ABRAKA 2', '#204 OLD ABRAKA/AGBOR RD, BESIDES WIMA CLINIC, OKORHIRHE');
INSERT INTO branches (id, state_id, name, address) VALUES (603, 11, 'AMEKPE (UGHELLI 3)', 'EDAFE EVENT CENTER, END OF OCHUKO LANE, 1ST AMEKPE');
INSERT INTO branches (id, state_id, name, address) VALUES (604, 11, 'BOMADI', 'ORDELE EVENTS HALL, GRA BOMADI, OPP LG CHAIRMAN');
INSERT INTO branches (id, state_id, name, address) VALUES (605, 11, 'ENERHEN HQ', '#11 WARRI/SAPELE RD, BY ENERHEN JUNC');
INSERT INTO branches (id, state_id, name, address) VALUES (606, 11, 'ENHWE', 'EFE-OMOVUDU EVENT CENTER BESIDES ULEWE QUARTER');
INSERT INTO branches (id, state_id, name, address) VALUES (607, 11, 'EKPAN', '#3 NIGER CAT LINK RD, OFF REFINERY RD, AND NEPA EXPRESSWAY, BEHIND CHICKEN REP');
INSERT INTO branches (id, state_id, name, address) VALUES (608, 11, 'EKU', 'OLD AGBOR, SAPELE RD, BY STAFF QUARTERS, OPP SULEMAN POULTRY, EKU');
INSERT INTO branches (id, state_id, name, address) VALUES (609, 11, 'EMEVOR', '#6 OKOSE STREET OFF AGBARHA/EMEVO ROAD');
INSERT INTO branches (id, state_id, name, address) VALUES (610, 11, 'IRRI', '#39 MISSIONS ROAD');
INSERT INTO branches (id, state_id, name, address) VALUES (611, 11, 'JAKPA', '#2 EDU STREET, OFF JAKPA ROAD');
INSERT INTO branches (id, state_id, name, address) VALUES (612, 11, 'JIBALE', 'FORMER JITOS HOTEL OPP JIBALE MKT, ORUWHORUN');
INSERT INTO branches (id, state_id, name, address) VALUES (613, 11, 'KWALE', 'ADEGE STREET BESIDES BENVO TWINS HOTEL OFF ASABA EXPRESS RD');
INSERT INTO branches (id, state_id, name, address) VALUES (614, 11, 'OBIAROKO', 'EDEM ONAH EVENT CENTER ALONG ABRAKA/OBIARUKU EXPRESS ROAD');
INSERT INTO branches (id, state_id, name, address) VALUES (615, 11, 'OTOR UDU', 'EVWOR QUARTERS HALL');
INSERT INTO branches (id, state_id, name, address) VALUES (616, 11, 'MOFOR', '#191 DSC EXPRESS WAY OPP EKETE INLAND JUNCTION');
INSERT INTO branches (id, state_id, name, address) VALUES (617, 11, 'OLEH', '#3 NEW EMEDE RD, BY YANGA MKT, OLEH');
INSERT INTO branches (id, state_id, name, address) VALUES (618, 11, 'OLOMORO', 'UKOLI QUARTERS');
INSERT INTO branches (id, state_id, name, address) VALUES (619, 11, 'OZORO', 'PARADISE HOTEL BEHIND ZOUKUMOR PRIMARY SCHOOL');
INSERT INTO branches (id, state_id, name, address) VALUES (620, 11, 'OWHELOGBO', '#86 HOSPITAL RD');
INSERT INTO branches (id, state_id, name, address) VALUES (621, 11, 'PATANI', 'LOCAL GOVERNMENT COUNCIL CONFERENCE HALL EKISE PATANI');
INSERT INTO branches (id, state_id, name, address) VALUES (622, 11, 'SAPELE 1', 'COMM RD, OPP OKIRIGWHE COMM HALL, SAPELE');
INSERT INTO branches (id, state_id, name, address) VALUES (623, 11, 'SAPELE 2', '#1 EWETA LANE OPP PJ GOLDEN HOTEL GANA');
INSERT INTO branches (id, state_id, name, address) VALUES (624, 11, 'ABRAKA 3', 'POLICE STATION RD, BY LUCAS JUNCTION');
INSERT INTO branches (id, state_id, name, address) VALUES (625, 11, 'UGHELLI 1', '#1 ERUOBOGA STR, BESIDE TOTAL CHILD SCH, AKPODIETE');
INSERT INTO branches (id, state_id, name, address) VALUES (626, 11, 'UGHELLI 2', '#120 ISOKO RD, BY NNPC ROUND ABOUT');
INSERT INTO branches (id, state_id, name, address) VALUES (627, 11, 'UGBOLOKPOSO', '#68 HOSPITAL ROAD');
INSERT INTO branches (id, state_id, name, address) VALUES (628, 11, 'JEDDO', 'OBATTERN PLACE, JEDDO-UGOTON RD, AFTER AIRFORCE MESS');
INSERT INTO branches (id, state_id, name, address) VALUES (629, 11, 'EKREJEBOR', 'QUESSEBEST HOTEL, #70 EKREJEBOR RD');
INSERT INTO branches (id, state_id, name, address) VALUES (630, 11, 'ARUMALA', '#27 ARUMALA STR, JESUS DAUGHTER EVENT CENTER');
INSERT INTO branches (id, state_id, name, address) VALUES (631, 11, 'EKREJEBOR-2', '1ST PIPELINE BEHIND ATMOSPHERE SEC SCH');
INSERT INTO branches (id, state_id, name, address) VALUES (632, 11, 'OKOLOR', 'OKOLOR COMM, TOWN HALL, OKOLOR WATERSIDE');
INSERT INTO branches (id, state_id, name, address) VALUES (633, 11, 'ASABA', 'KM7 ASABA/BENIN EXPRESSWAY, BESIDES FORMER DEPUTY ASABA');
INSERT INTO branches (id, state_id, name, address) VALUES (634, 11, 'BURUTU', 'BURUTU CEMENT PLAZA DRIVE, INFANT JESUS RD');
INSERT INTO branches (id, state_id, name, address) VALUES (635, 11, 'OKPANAM 1', 'VANGUARD AVENUE OPP ASABA AIRPORT');
INSERT INTO branches (id, state_id, name, address) VALUES (636, 11, 'OKPANAM 2', 'OMA CO-OPERATIVE EVENT CENTER');
INSERT INTO branches (id, state_id, name, address) VALUES (637, 11, 'AGBOR-1', '#12 ODIM STR, BY CALVARY GROUP SCH, BOJI');
INSERT INTO branches (id, state_id, name, address) VALUES (638, 11, 'CABLE', 'ANGELIC PLAZA #76 NNEBISI RD, CABLE POINT');
INSERT INTO branches (id, state_id, name, address) VALUES (639, 11, 'IBUSA', 'EZE-IHEGE HALL, UMUOZOMA QUARTERS, OPP UMUION BANK');
INSERT INTO branches (id, state_id, name, address) VALUES (640, 11, 'BEHIND STADIUM', '#13 OBI STR, BEHIND STEPHEN KESHI STADIUM');
INSERT INTO branches (id, state_id, name, address) VALUES (641, 11, 'AGBOR 2', '#49 EKUJOMA RD, UMUNEDE');
INSERT INTO branches (id, state_id, name, address) VALUES (642, 11, 'ODUKE (NEW)', '#38 GOOD SHEPHERD JUNC. ODUKE COMM');
INSERT INTO branches (id, state_id, name, address) VALUES (643, 11, 'OKWE', '#1 ABC CHIEF IYASELE STR, BY POLICE POST');
INSERT INTO branches (id, state_id, name, address) VALUES (644, 11, 'OKWE 2', 'NDUKA PLAZA, OKWE');
INSERT INTO branches (id, state_id, name, address) VALUES (645, 11, 'ALIOKPU', 'OLD SAPOBA RD, BY GENERAL LUCKY IRABOR JUNC, IKA SOUTH, AGBOR');
INSERT INTO branches (id, state_id, name, address) VALUES (646, 12, 'ABAKALIKI, KPIRI KPIRI, HQ', '#101 OLD ENUGU RD, ABAKALIKI');
INSERT INTO branches (id, state_id, name, address) VALUES (647, 12, 'ABAKALIKI-HILLTOP ROAD', '#40 HILLTOP ROAD, OPPOSITE TANKER GARAGE, OFF WATER WORKS, ABAKALIKI');
INSERT INTO branches (id, state_id, name, address) VALUES (648, 12, 'ABATETE-OGOJA ROAD', 'ABATETE HALL, OGOJA ROAD BY VEGAS JUNCTION');
INSERT INTO branches (id, state_id, name, address) VALUES (649, 12, 'EZZANGBO AMIKE', 'AMIKE YOUTH HALL, #135 ENUGU EXPRESS WAY, EZZAMGBO');
INSERT INTO branches (id, state_id, name, address) VALUES (650, 12, 'EZZANGBO ONUORIE', 'PDP, ONUORIE EZZAMGBO BESIDE PDP SECRETARIAT');
INSERT INTO branches (id, state_id, name, address) VALUES (651, 12, 'NGBO', 'NGBO NDULO UMUEZEAKA ACQUISITION CENTER HALL, EBONYI STATE');
INSERT INTO branches (id, state_id, name, address) VALUES (652, 12, 'ISHIEKE', 'ISHIEKE');
INSERT INTO branches (id, state_id, name, address) VALUES (653, 12, 'AZONKU, AFIKPO HQ', 'AZONKU, AFIKPO');
INSERT INTO branches (id, state_id, name, address) VALUES (654, 12, 'AFIKPO, AMURU', 'AMURO TOWN HALL, AFIKPO NORTH, EBONYI STATE');
INSERT INTO branches (id, state_id, name, address) VALUES (655, 12, 'AMASIRI AFIKPO', 'OKIGWE ROAD, BESIDE FORMER SARS OFFICE, AMASIRI, AFIKPO NORTH, EBONYI STATE');
INSERT INTO branches (id, state_id, name, address) VALUES (656, 12, 'UNWANA AFIKPO', 'GOD''S OWN LODGE JUNCTION, AFTER D12 BEFORE FISH POND ALONG POLY EBUNWANA ROAD, UNWANA');
INSERT INTO branches (id, state_id, name, address) VALUES (657, 12, 'AKABA', 'ONU-EBONYI, OBODOMA UKABA, ONICHA LGA, EBONYI STATE');
INSERT INTO branches (id, state_id, name, address) VALUES (658, 13, 'ALOHAN, DUMEZ, HQ', '#19 ALOHAN STR, OFF DUMEZ, OFF SAPELE RD, BENIN CITY');
INSERT INTO branches (id, state_id, name, address) VALUES (659, 13, 'AMUFI, TEXTILE MILL', '#30 TEXTILE MILL RD, BY 2ND WEST RD JUNCTION, BENIN CITY');
INSERT INTO branches (id, state_id, name, address) VALUES (660, 13, 'GUBADIA, GRA', '#10 GUBADIA AVENUE ETET, GRA, BENIN');
INSERT INTO branches (id, state_id, name, address) VALUES (661, 13, 'EKPOMA 1', 'NEAR COLLEGE OF MEDICINE, AAAU');
INSERT INTO branches (id, state_id, name, address) VALUES (662, 13, 'EKPOMA 2', '#37 ILEN-OTUMA STR, OPP FIRST BANK');
INSERT INTO branches (id, state_id, name, address) VALUES (663, 13, 'M.M WAY', '#195 MURTALA MOHAMMED WAY, OPP OHUOBA PRIMARY SCH, BENIN CITY');
INSERT INTO branches (id, state_id, name, address) VALUES (664, 13, 'ZABAYO EKENWA', '#157 EKENWAN RD, BENIN CITY');
INSERT INTO branches (id, state_id, name, address) VALUES (665, 13, 'AUCHI', 'AUCHI/ABUJA EXPRESSWAY, OPP MATRIX PETROL STATION');
INSERT INTO branches (id, state_id, name, address) VALUES (666, 13, 'ROBANOR', 'RABANOR HOTEL BY TONY KABAKA STR, UGBOR RD');
INSERT INTO branches (id, state_id, name, address) VALUES (667, 13, 'UGBOWO', '#11B TECHNICAL RD, UGBOWO');
INSERT INTO branches (id, state_id, name, address) VALUES (668, 13, 'PRESTIGE NEW', '#1 IHAMA RD, BY AIRPORT RD, GRA BENIN CITY');
INSERT INTO branches (id, state_id, name, address) VALUES (669, 14, 'SHELTER VIEW, ADO EKITI', 'SHELTER VIEW COMPLEX OPP CHICKEN REPUBLIC, ADEBAYO, ADO EKITI');
INSERT INTO branches (id, state_id, name, address) VALUES (670, 14, 'DALLIMORE', 'BEHIND STADIUM ROAD');
INSERT INTO branches (id, state_id, name, address) VALUES (671, 14, 'IWOROKO', 'BESIDE BASIC HEALTH CENTER AARE ROAD IWOROKO EKITI STATE');
INSERT INTO branches (id, state_id, name, address) VALUES (672, 14, 'EKUTE', 'OPP THERMOCOL WAREHOUSE, ADO-EKITI');
INSERT INTO branches (id, state_id, name, address) VALUES (673, 14, 'HOUSING ESTATE', 'DON CLEMENT EVENT HALL, TINUOLA ESTATE, HOUSING ROAD');
INSERT INTO branches (id, state_id, name, address) VALUES (674, 14, 'IKERE', 'NYSC ORIENTATION CAMP ROAD, IKERE');
INSERT INTO branches (id, state_id, name, address) VALUES (675, 15, 'OPP ABC TRANSPORT, HQ', '#19 OGUDI RD, ENUGU STATE');
INSERT INTO branches (id, state_id, name, address) VALUES (676, 15, 'NEW HEAVEN', '#95 CHIME AVENUE, OPP ASSEMBLIES BUSTOP, NEW HAVEN');
INSERT INTO branches (id, state_id, name, address) VALUES (677, 15, 'EMENE', '#2 CHUKWUEJIM STREET BY NIGER LINE HOTEL, OFF APOSTLE BUSTOP EMENE');
INSERT INTO branches (id, state_id, name, address) VALUES (678, 15, 'GARIKI', '#366 AGBANI RD, EBONY PAINT JUNC BY RTC OPP, 103 BATTALION BARRACKS, GARIKI');
INSERT INTO branches (id, state_id, name, address) VALUES (679, 15, 'NINTH MILE', '#96 OLD NSUKKA RD, 9TH MILE CORNER NGWO AT LAPO BUILDING');
INSERT INTO branches (id, state_id, name, address) VALUES (680, 15, 'NIKE BRANCH', 'JAZZ DAN PLAZA BY TEXACO JUNCTION, ABAKPA NIKE RD, ABAKPA');
INSERT INTO branches (id, state_id, name, address) VALUES (681, 15, 'ABAKPA', 'NWAYIBUILHE PLAZA BY TEXACO JUNC, ABAKPA NIKE RD, ABAKPA');
INSERT INTO branches (id, state_id, name, address) VALUES (682, 15, 'NSUKKA', '#30 OLOTO STR, ERINAH GUEST HOUSE, ODINIGBO, NSUKKA');
INSERT INTO branches (id, state_id, name, address) VALUES (683, 15, 'NOWAS', '#107 AMURI RD, FED HOUSING, TRANSEKULU BY NOWAS JUNC');
INSERT INTO branches (id, state_id, name, address) VALUES (684, 15, 'EKE-AGANI BRANCH', 'OPP ST JOHNS PRIMARY SCH, AMURI RD');
INSERT INTO branches (id, state_id, name, address) VALUES (685, 15, 'AGBANI ROAD', '#102 AGBANI RD, OPP 1ST BANK AMAWBIA BUSTOP');
INSERT INTO branches (id, state_id, name, address) VALUES (686, 15, 'OJI RIVER, AMUZU', 'AMUZU HALL, AMUZU, AGBADALA, OJI RIVER');
INSERT INTO branches (id, state_id, name, address) VALUES (687, 15, 'LUCKZON PLAZA', 'SUITE A-47, MARYLAND PLAZA, #189 UGWUAJI RD, MARYLAND OPP AGIDI HOUSE');
INSERT INTO branches (id, state_id, name, address) VALUES (688, 15, 'CHYMEZ PLAZA', 'PLOT 33 CHIEF IYKE OGBODO STREET OGBUODOR LAYOUT UGWUAJI RD');
INSERT INTO branches (id, state_id, name, address) VALUES (689, 15, 'GRA1 BRANCH', 'VICTORIA GARDEN SUITE, #1 MOUNT LANE STR, GRA');
INSERT INTO branches (id, state_id, name, address) VALUES (690, 15, 'NGWO', 'AMACHALLA TOWN HALL NGWO');
INSERT INTO branches (id, state_id, name, address) VALUES (691, 15, 'AMAECHI', '2774 ONWA PLAZA, AMAECHI RD, UWANI');
INSERT INTO branches (id, state_id, name, address) VALUES (692, 15, 'NEW HEAVEN EXTENSION', 'NKPOLUOGU CIVIC CENTER, ABAKALIKI EXPRESS WAY');
INSERT INTO branches (id, state_id, name, address) VALUES (693, 16, 'JABI (HQTRS)', 'ONEAL CENTER, PLOT 360 OBAFEMI AWOLOWO WAY, JABI');
INSERT INTO branches (id, state_id, name, address) VALUES (694, 16, 'MAITAMA', '#64 LASALE STR, OFF SHEHU SHAGARI WAY, BESIDE CBN TRAINING INSTITUTE, MAITAMA');
INSERT INTO branches (id, state_id, name, address) VALUES (695, 16, 'KUBWA', 'GODS OWN PLAZA, BY BYAZHIN JUNCTION, KUBWA');
INSERT INTO branches (id, state_id, name, address) VALUES (696, 16, 'EXCELLENT PLAZA, GWARINPA', 'EXCELLENT PLAZA, 1ST AVENUE, GWARINPA');
INSERT INTO branches (id, state_id, name, address) VALUES (697, 16, 'BWARI', 'PLOT 30 BWARI EXTENSION, ADJACENT NIMA SCH, OFF SABONGARI RD, BEFORE POLICE POST');
INSERT INTO branches (id, state_id, name, address) VALUES (698, 16, 'APEX PLAZA, DEIDEI', 'APEX PLAZA 220 W.H.O DISTRICT, BEHIND ZENITH BANK DEIDEI BUILDING MATERIAL');
INSERT INTO branches (id, state_id, name, address) VALUES (699, 16, 'PRECIOUS PLAZA, DUTSE', 'PRECIOUS SHOPPING MALL, PLOT M10, KUBWA EXT-3, (FCDA SCHEME LAYOUT) ARMY ESTATE');
INSERT INTO branches (id, state_id, name, address) VALUES (700, 16, 'TIPER GARAGE, KUJE', 'PLOT 12/B STREET, LEKPENDU LOWCOST, BEHIND TOTAL FILLING STATION, TIPPER GARAGE KUJE');
INSERT INTO branches (id, state_id, name, address) VALUES (701, 16, 'WADA PLAZA, JIKWOYI', 'WADA PLAZA, BESIDES NEPA OFFICE, JIKWOYI ANGWANGEDE, ALONG NYANYA KARSH U EXPRESS WAY');
INSERT INTO branches (id, state_id, name, address) VALUES (702, 16, 'DEO PLAZA, GWAGWALADA-1', 'DEO PLAZA, OPP GWAGWALADA MAIN MKT');
INSERT INTO branches (id, state_id, name, address) VALUES (703, 16, 'LUGBE', 'PLOT 983, 3RD AVENUE FHA BY BABANGIDA MKT, LUGBE FCT-ABUJA');
INSERT INTO branches (id, state_id, name, address) VALUES (704, 16, 'INFINIMART PLAZA', 'INFINIMART PLAZA, 2-1 JUNCTION KUBWA');
INSERT INTO branches (id, state_id, name, address) VALUES (705, 16, 'OROZO', 'GOLDEN APPLE PLAZA, GIDAN DAYA, BY NEPA OFFICE, KARSHI EXPRESS WAY');
INSERT INTO branches (id, state_id, name, address) VALUES (706, 16, 'BWARI-2', 'JEREMIAH KAKANCHOK CENTER, KOGO3');
INSERT INTO branches (id, state_id, name, address) VALUES (707, 16, 'USHAFA, BWARI', 'GODS GIFT ACADEMY USHAFA');
INSERT INTO branches (id, state_id, name, address) VALUES (708, 16, 'TUNGA-MAJE', 'KM3 LOKOJA KADUNA EXP WAY, BESIDE OANDO FUEL STATION');
INSERT INTO branches (id, state_id, name, address) VALUES (709, 16, 'AREA A-NYANYA, APPLE COURT', 'APPLE COURT NYANYA, FCT');
INSERT INTO branches (id, state_id, name, address) VALUES (710, 16, 'APO SETTLEMENT', 'WEMBLEY PART AND GARDEN APO RESETTLEMENT');
INSERT INTO branches (id, state_id, name, address) VALUES (711, 17, 'SHONGO, GOMBE', 'SHONGO HANMA');
INSERT INTO branches (id, state_id, name, address) VALUES (712, 17, 'YUGUDU, TUMFURE', 'BEHIND INVESTMENT QUARTERS ALONG LAMID YUGUDU, TUMFURE');
INSERT INTO branches (id, state_id, name, address) VALUES (713, 18, 'OWERRI MAIN HQ', 'OWERRI/ONITSHA ROAD, IRETE, OWERRI IMO STATE');
INSERT INTO branches (id, state_id, name, address) VALUES (714, 18, 'AMAUZARI', 'ONE AMAUZARI TOWN, ALONG OKWELLE HALL');
INSERT INTO branches (id, state_id, name, address) VALUES (715, 18, 'AMARAKU', 'LAWRENCE IWU AMADI PLAZA, CLOSE TO AMARAKU JUNCTION');
INSERT INTO branches (id, state_id, name, address) VALUES (716, 18, 'AGGAH-EGBEMA (AWOMMAMA)', 'BEFORE TRANSFORMER, AWOMMAMA');
INSERT INTO branches (id, state_id, name, address) VALUES (717, 18, 'DOUGLAS RD AGGAH', 'NEW IDEA ROAD AGGAH EGBEMA RIVERS STATE');
INSERT INTO branches (id, state_id, name, address) VALUES (718, 18, 'MMAHU-EGBEMA (DOUGLAS RD)', '127 DOUGLAS ROAD OPP NEW MARKET, BESIDE SUNIC FAST FOOD, OWERRI, IMO');
INSERT INTO branches (id, state_id, name, address) VALUES (719, 18, 'EGBU ROAD EGBEMA', 'EGBU ROAD EGBEMA');
INSERT INTO branches (id, state_id, name, address) VALUES (720, 18, 'MBAISE ONE', '49 EGBU ROAD, CLOSE TO MBAISE PARK');
INSERT INTO branches (id, state_id, name, address) VALUES (721, 18, 'MBAISE FOUR', 'EKE AHIARA JUNCTION, CLOSE TO ACCESS BANK, ALONG AFOR ORU ROAD AHIAZU MBAISE');
INSERT INTO branches (id, state_id, name, address) VALUES (722, 18, 'MGBIDI', '98A OWERRI-ONITSHA ROAD MGBIDI OPP. PALO PLACE');
INSERT INTO branches (id, state_id, name, address) VALUES (723, 18, 'ORJI 2', 'ORJI YOUTH HALL, ORJI OWERRI IMO STATE');
INSERT INTO branches (id, state_id, name, address) VALUES (724, 18, 'IMO POLY', 'BESIDE POLYVIEW HOTEL, ALONG PORT HARCOURT ROAD, MGBIRICHI');
INSERT INTO branches (id, state_id, name, address) VALUES (725, 18, 'IKENEGBU', 'PLOT 21 IKENEBU LAYOUT OPPOSITE MARIS SUPERMARKET, OWERRI, IMO STATE');
INSERT INTO branches (id, state_id, name, address) VALUES (726, 18, 'IHIAGWA', 'ALONG UMUOKWO-COURT RD. IHIAGWA');
INSERT INTO branches (id, state_id, name, address) VALUES (727, 18, 'NEKEDE ONE', '8 BUS-STOP, OPPOSITE WATCHMAN, OLD NEKEDE ROAD, OWERRI IMO STATE');
INSERT INTO branches (id, state_id, name, address) VALUES (728, 18, 'NEKEDE TWO', 'OPPOSITE UMUDIBIA PRIMARY SCHOOL NEKEDE, IHIAGWA ROAD');
INSERT INTO branches (id, state_id, name, address) VALUES (729, 18, 'NEKEDE THREE', 'OLD TATA-FISH OPPOSITE GALAXY HOSTEL, ALONG POLY IHIAGWA ROAD, UMUOMA, NEKEDE');
INSERT INTO branches (id, state_id, name, address) VALUES (730, 18, 'GLASS HOUSE-ORLU', '23 ENUGU/IDEATO ROAD BY BEACH, BSC ROAD ORLU TOWN, GLASS HOUSE, IMO STATE');
INSERT INTO branches (id, state_id, name, address) VALUES (731, 18, 'OKIGWE 1', '55 OWERRI ROAD, OPP. ABAKPA MARKET, OKIGWE. IMO STATE');
INSERT INTO branches (id, state_id, name, address) VALUES (732, 18, 'OKWUZI-EGBEMA', '59 AHOADA-OMOKU ROAD, OKWUZI');
INSERT INTO branches (id, state_id, name, address) VALUES (733, 18, 'OKWU-URATTA', 'OKWU-URATTA PRIMARY SCHOOL HALL');
INSERT INTO branches (id, state_id, name, address) VALUES (734, 18, 'ORJI', 'NO. 157 OKIGWE ROAD, OPPOSITE ACCESS BANK, ORJI');
INSERT INTO branches (id, state_id, name, address) VALUES (735, 18, 'OGUTA 1', 'CIVIC CENTER, OGUTA');
INSERT INTO branches (id, state_id, name, address) VALUES (736, 18, 'URATTA', 'OPPOSITE NNPC FILLING STATION BY TORONTO JUNCTION URATTA, OWERRI');
INSERT INTO branches (id, state_id, name, address) VALUES (737, 18, 'WORKS LAYOUT', 'C17 WORKS LAYOUT, OFF IMSU JUNCTION OWERRI');
INSERT INTO branches (id, state_id, name, address) VALUES (738, 18, 'WORLD BANK', 'CHIEF OHAMADIKE PLAZA, AREA ''A'' BY BLACK GATE, WORLD BANK');
INSERT INTO branches (id, state_id, name, address) VALUES (739, 18, 'EZIOBODO FUTO', 'SALVATION MINISTRIES JUNCTION, ALONG FUTO ROAD, EZIOBODO');
INSERT INTO branches (id, state_id, name, address) VALUES (740, 18, 'NAZE', 'NAZE TIMBER ROAD, BY BORO PIT, OBOSHISHI');
INSERT INTO branches (id, state_id, name, address) VALUES (741, 18, 'AMAKOHIA', 'FEDERAL HOUSING ESTATE BY NEW ROAD. AMAKOHIA');
INSERT INTO branches (id, state_id, name, address) VALUES (742, 18, 'AVU', 'OLIVER CASTLE, UMUEHITTA AVU');
INSERT INTO branches (id, state_id, name, address) VALUES (743, 18, 'OBIAKPU', 'OBIAKPU TOWN HALL, OBIAKPU EGBEMA');
INSERT INTO branches (id, state_id, name, address) VALUES (744, 18, 'OBOWO', 'ACHINGALI JUNCTION OPPOSITE MOONSHINE BUILDING');
INSERT INTO branches (id, state_id, name, address) VALUES (745, 18, 'OBINZE', 'GONE-LEE''S HOTEL, KM 10 FUTO ROAD, OBINZE');
INSERT INTO branches (id, state_id, name, address) VALUES (746, 18, 'UMUGUMA', '#3 GREGG AVENUE, BEFORE OWERRI WEST LGA COMPLEX, UMUGUMA');
INSERT INTO branches (id, state_id, name, address) VALUES (747, 18, 'ESHIMESHI-URATTA', 'UMUNAHU ESHIMESHI, OWERRI NORTH');
INSERT INTO branches (id, state_id, name, address) VALUES (748, 18, 'OGUTA 2', 'OGUTA-MGBIDI ROAD, BESIDE OGUTA LGA SECRETARIAT');
INSERT INTO branches (id, state_id, name, address) VALUES (749, 18, 'AKABO', 'KM 7 OWERRI OKIGWE ROAD, UGWU OBIUDO, AKABO IKEDURU L.G.A IMO STATE');
INSERT INTO branches (id, state_id, name, address) VALUES (750, 18, 'MBIERI', 'CHIGAEMEZU PLAZA, OPPOSITE NWEKE MKT JUNCTION MBIERI');
INSERT INTO branches (id, state_id, name, address) VALUES (751, 18, 'MBAISE-3', '#1 OBETITI ROAD NKWOGWU JUNCTION ABOH MBAISE');
INSERT INTO branches (id, state_id, name, address) VALUES (752, 18, 'UMUAKAH', 'UMUAKA BESIDES ORIE-UGBELE, UGBELE-AKAH');
INSERT INTO branches (id, state_id, name, address) VALUES (753, 18, 'IZOMBE', 'IZOMBE');
INSERT INTO branches (id, state_id, name, address) VALUES (754, 18, 'AKOKAH', '2ND FLOOR NEW POST OFFICE BUILDING IDEATO NORTH');
INSERT INTO branches (id, state_id, name, address) VALUES (755, 18, 'OGBAKU', 'OGBAKU');
INSERT INTO branches (id, state_id, name, address) VALUES (756, 18, 'UMUELEM', 'QUEEN OF PEACE JUNCTION CHIEF CHRISTOPHER JENTA ANUFUORO COMPOUND, UMUELEM');
INSERT INTO branches (id, state_id, name, address) VALUES (757, 18, 'ETEKWURU', 'MR UZOMA OKORO COMPOUND ETEKWURU EGBEMA, OHAJI EGBEMA, IMO STATE');
INSERT INTO branches (id, state_id, name, address) VALUES (758, 18, 'MGBEDA', '#4 ECHEAZU STREET MGBEDE, EGBEMA');
INSERT INTO branches (id, state_id, name, address) VALUES (759, 19, 'DUTSE, HQ', 'OPPOSITE AWAJIL FUEL STATION. BESIDES BHT INTER SYSTEM LTD, YALAWAWA DUTSE, JIGAWA STATE');
INSERT INTO branches (id, state_id, name, address) VALUES (760, 19, 'HADEJIA', 'IFEANYI EVENT CENTER, KANO ROAD HADEJIA');
INSERT INTO branches (id, state_id, name, address) VALUES (761, 20, 'SABON TASHA, HQ', 'BEHIND GENERAL HOSPITAL, SABON TASHA');
INSERT INTO branches (id, state_id, name, address) VALUES (762, 20, 'DESTINY PLAZA, JARUWA', 'BY JANRUWA JUNCTION ALONG PATRICK YAKOWA WAY');
INSERT INTO branches (id, state_id, name, address) VALUES (763, 20, 'CHILLOUT, GONINGORA', 'OPP RAIL, GONIN-GORA');
INSERT INTO branches (id, state_id, name, address) VALUES (764, 20, 'CHIDA', 'SIGN POST JUNCTION OPPOSITE STANBIC BANK, SABON TASHA');
INSERT INTO branches (id, state_id, name, address) VALUES (765, 20, 'BARNAWA', 'OPPOSITE GT BANK, ALONG 1&2 ZAIRE ROAD BARNAWA');
INSERT INTO branches (id, state_id, name, address) VALUES (766, 20, 'GBAGYI', 'ALONG YOKOWA STR, RD2, HOPE AVENUE, GBAGYI VILLAGE');
INSERT INTO branches (id, state_id, name, address) VALUES (767, 20, 'JAJI', 'HOLIDAY INN STREET, UNGWAN-PETE, OPP JAJI CANTONMENT, IGABI');
INSERT INTO branches (id, state_id, name, address) VALUES (768, 21, 'EMIR (HQTRS)', '#74 EMIR ROAD BY IBO ROAD, SABON GARI, KANO STATE');
INSERT INTO branches (id, state_id, name, address) VALUES (769, 21, 'BURMA', 'ROSELLE ACADEMY, BURMA SABON GARI, KANO');
INSERT INTO branches (id, state_id, name, address) VALUES (770, 21, 'AGANGARA BADAWA', 'BADAWA AGANGARA NASARAWA LGA, KANO');
INSERT INTO branches (id, state_id, name, address) VALUES (771, 21, 'ENUGU RD', 'BY GOLD COAST SABON GARI, KANO STATE');
INSERT INTO branches (id, state_id, name, address) VALUES (772, 21, 'ENSIK GLOBAL', '66/67 ENSIK GLOBAL EVENT CENTER, BY AIRPORT ROAD AMADI-A');
INSERT INTO branches (id, state_id, name, address) VALUES (773, 22, 'BYAN KOFAR KAURAN', 'BESIDES ZUMUTAL GUEST INN, BYAN, GABI KOFAR KAURAN, KATSINA');
INSERT INTO branches (id, state_id, name, address) VALUES (774, 22, 'DUTSIN-MA, MIAMI', 'DUTSIN-MA');
INSERT INTO branches (id, state_id, name, address) VALUES (775, 23, 'BIRNIN KEBBI', 'FILIN JIRGI, ZURU, KEBBI');
INSERT INTO branches (id, state_id, name, address) VALUES (776, 24, 'DESTINY GARDEN', 'SALVATION MINISTRIES DESTINY GARDEN PLAZA BESIDES FIRST BANK GANAJA JUNCTION LOKOJA');
INSERT INTO branches (id, state_id, name, address) VALUES (777, 24, 'DOMINION PLAZA', 'SALVATION MINISTRIES DOMINION PLAZA 500 HOUSING UNITS LOKOJA');
INSERT INTO branches (id, state_id, name, address) VALUES (778, 24, 'AYNIEGBA', 'SALVATION MINISTRIES SOLAG FUEL STATION. KM 1 ANKPA WAY OPP KOGI STATE UNIVERSITY. AYNIEGBA');
INSERT INTO branches (id, state_id, name, address) VALUES (779, 24, 'FELELE', 'ABUJA LOKOJA EXPRESS WAY, HARMONY COMMUNITY BY WINNERS JUNCTION, FELELE TOWN, LOKOJA, KOGI STATE');
INSERT INTO branches (id, state_id, name, address) VALUES (780, 25, 'TANKE, ILORIN', 'OPPOSITE FIRST ECWA CHURCH, TAIWO ISALE, ILORIN');
INSERT INTO branches (id, state_id, name, address) VALUES (781, 25, 'TAIWO ISALE, HQ', 'TIPPER GARAGE, F DIVISION ROAD, TANKE, ILORIN');
INSERT INTO branches (id, state_id, name, address) VALUES (782, 26, 'LAGOS (LEKKI)', 'KM 20 LEKKI EPE EXPRESS ROAD');
INSERT INTO branches (id, state_id, name, address) VALUES (783, 26, 'DOPEMU', '57 ABEOKUTA EXPRESSWAY BESIDE CONOIL FILLING STATION, CEMENT BUS STOP DOPEMU');
INSERT INTO branches (id, state_id, name, address) VALUES (784, 26, 'IKEJA', '#12 KUDIRAT ABIOLA WAY OREGUN, IKEJA LAGOS');
INSERT INTO branches (id, state_id, name, address) VALUES (785, 26, 'MAGODO', '#2, ASSOCIATION AVENUE SHANGISHA MAGODO LAGOS STATE');
INSERT INTO branches (id, state_id, name, address) VALUES (786, 26, 'IKORODU', '#62 AYANGBUREN ROAD, BY BUKKA HUT RESTAURANT, OLUBI JUNCTION, IKORODU, LAGOS STATE');
INSERT INTO branches (id, state_id, name, address) VALUES (787, 26, 'OKOTA', '#110 AGO PALACE WAY. MARCITY PLAZA. ADJACENT MARKET SQUARE, OKOTA');
INSERT INTO branches (id, state_id, name, address) VALUES (788, 26, 'SURULERE', 'AFRIC PLACE, NO. 7, AFRIC ROAD, IPONRI EBUTE-METTA, OFF FUN SO WILLIAMS AVENUE, LAGOS');
INSERT INTO branches (id, state_id, name, address) VALUES (789, 26, 'ARADAGUN', 'NO 1 OLADIRAN CLOSE, MULTIPLE HEIGHT SCHOOL BESIDE ARADAGUN MARKET, ARADAGUN BADAGRY');
INSERT INTO branches (id, state_id, name, address) VALUES (790, 26, 'MAGBON', 'SKY TRAINE CENTER, ALONG BADAGRY EXPRESSWAY, MAGBON B/STOP');
INSERT INTO branches (id, state_id, name, address) VALUES (791, 26, 'AJAH', 'MTD Event Centre, OPPOSITE BADORE HEALTH CENTRE, BADORE, AJAH');
INSERT INTO branches (id, state_id, name, address) VALUES (792, 26, 'ABIJO', 'TREASURE MALL, OPPOSITE EKO AKETE ESTATE, ABIJO');
INSERT INTO branches (id, state_id, name, address) VALUES (793, 26, 'BADAGRY', 'KL 43 BADAGRY EXPRESSWAY AGBOMALU BUSTOP BADAGRY LAGOS');
INSERT INTO branches (id, state_id, name, address) VALUES (794, 26, 'IYANA', 'KM23, BADAGRY EXPRESS WAY, OPPOSITE TOTAL FILLING STATION, PAKO BUS STOP IYANA ISASHI');
INSERT INTO branches (id, state_id, name, address) VALUES (795, 26, 'IKOTUN', '#145 ABARANJE RD., ABARANJE-IKOTUN');
INSERT INTO branches (id, state_id, name, address) VALUES (796, 26, 'EGBEDA', 'NO 64 IDEMU RD ORELOPE BRT BUS STOP, EGBEDA LAGOS');
INSERT INTO branches (id, state_id, name, address) VALUES (797, 26, 'OJOTA', '#76 ALHAJI AMOO STREET, ALHAJA AMOO BUS-STOP, OJOTA OGUDU ROAD, OJOTA LAGOS');
INSERT INTO branches (id, state_id, name, address) VALUES (798, 26, 'OSHODI', '#33 ADEYEMI STREET, AROWOJOBE BUS STOP, OSHODI, LAGOS');
INSERT INTO branches (id, state_id, name, address) VALUES (799, 26, 'IPAJA', '#8, OLUFEMI CLOSE OFF FAGBEMI STREET, IGBOGILA BUS STOP, IPAJA-AYOBO ROAD, IPAJA LAGOS STATE');
INSERT INTO branches (id, state_id, name, address) VALUES (800, 26, 'AGEGE', 'NO'' 2 OKE-AYO STREET BY AGBOTIKUYO BUS-STOP OFF OLD IPAJA ROAD AGEGE LAGOS');
INSERT INTO branches (id, state_id, name, address) VALUES (801, 26, 'FESTAC', '5TH AVENUE W CLOSE OPP FRANKIDZ AMUSEMENT PARK FESTAC LAGOS');
INSERT INTO branches (id, state_id, name, address) VALUES (802, 26, 'AJEGUNLE', 'NUT MULTI-PURPOSE HALL. 72A CARDOSO STREET, OREGIE OJA B/STOP AJEGUNLE');
INSERT INTO branches (id, state_id, name, address) VALUES (803, 26, 'MOBIL', 'GLORY TO GOD PLAZA, LEKKI AJAH');
INSERT INTO branches (id, state_id, name, address) VALUES (804, 26, 'IKOYI', '2/7 OKUNLA MARTINS CLOSE, OFF OKOTIE EBOH STREET, OFF AWOLOWO RD, IKOYI');
INSERT INTO branches (id, state_id, name, address) VALUES (805, 26, 'ISHERI', '36/38 LIADI DISU STREET, ISHERI OSHUN BUS STOP, ISHERI, LAGOS');
INSERT INTO branches (id, state_id, name, address) VALUES (806, 26, 'AJAO', 'TETRAZZINI FAST FOOD RESTAURANT (BY 7/8 BUS STOP) AJAO ESTATE ISOLO, LAGOS');
INSERT INTO branches (id, state_id, name, address) VALUES (807, 26, 'IJESHA', '#250 IJESHA RD, OPP IJESHA MKT, IJESHATEDO');
INSERT INTO branches (id, state_id, name, address) VALUES (808, 26, 'IGANDO', '15 OREMEJI STREET OKO FILLING BUS STOP LASU-ISHERI ROAD, IGANDO LAGOS');
INSERT INTO branches (id, state_id, name, address) VALUES (809, 26, 'IBEJU LEKKI', 'BESIDE MAGBON GRAMMAR SCHOOL, MAGBON ALADE COMMUNITY, IBEJU LEKKI, LAGOS STATE');
INSERT INTO branches (id, state_id, name, address) VALUES (810, 26, 'IGBOGBO', '#10 CHAIRMAN STREET, BY CHAIRMAN B/STOP, IGBOGBO BAYEKU ROAD, IKORODU');
INSERT INTO branches (id, state_id, name, address) VALUES (811, 26, 'AWOYAYA', 'PLOT 605, IWEREKU GBETU TOWN, AFTER ROYAL LONDON HOTEL, BEFORE SARAFINA INT''L SCHOOL');
INSERT INTO branches (id, state_id, name, address) VALUES (812, 26, 'IJEGUN', '#19 OBASA ADELANI STREET, PRINCE B/STOP, IJEGUN IKOTUN');
INSERT INTO branches (id, state_id, name, address) VALUES (813, 26, 'AGBEBI, SURULERE-2', 'AGBEBI ROAD OFF IJESHA BY OMILANI JUNCTION OPP ULTIMATE FILLING STATION, IJESHA SURULERE');
INSERT INTO branches (id, state_id, name, address) VALUES (814, 27, 'LAFIA', 'FRESHVYLLE HOTEL AND EVENT CENTRE, AGABI STR, BESIDE CBN, OFF JOS ROAD, LAFIA, NASARAWA STATE');
INSERT INTO branches (id, state_id, name, address) VALUES (815, 27, 'EMMADO, MARARABA', '1ST FLOOR, EMMADO PLAZA BY SHARP CORNER, ABUJA-KEFFI EXPRESS ROAD NASSARAWA STATE');
INSERT INTO branches (id, state_id, name, address) VALUES (816, 27, 'MASAKA', 'BETICUT EVENT CENTER MASAKA NEPA OFFICE ALONG KEFFI EXPRESS ROAD NASSARAWA STATE');
INSERT INTO branches (id, state_id, name, address) VALUES (817, 27, 'KEFFI', 'IDEMILI HALL OPPOSITE MTN MASK BY NASARAWA RD, KEFFI');
INSERT INTO branches (id, state_id, name, address) VALUES (818, 27, 'CITY COLLEGE', 'BY NURSES ESTATE, COMMISSIONER HOUSE, ADY SUITE');
INSERT INTO branches (id, state_id, name, address) VALUES (819, 27, 'KABAYI', 'KABAYI BY LIFE CHOICE PURE WATER BEFORE DUNAMIS');
INSERT INTO branches (id, state_id, name, address) VALUES (820, 27, 'AKWANGA', 'ALARAPE PLAZA, AKWANGA, BESIDE ST. PETERS NURSERY AND PRIMARY SCHOOL, KEFFI BY-PASS');
INSERT INTO branches (id, state_id, name, address) VALUES (821, 27, 'ASO-B GURKU', 'CELEBRITY TOURIST HOTEL, ASOB GURKU, KURU');
INSERT INTO branches (id, state_id, name, address) VALUES (822, 28, 'MADALLA', 'BESIDES VICTORY COLLEGE JUNCTION, MADALLA-SULEJA ROAD, MADALLA, NIGER STATE');
INSERT INTO branches (id, state_id, name, address) VALUES (823, 28, 'MINNA', 'BACK OF TUNGA MAIN MARKET, MINNA NIGER STATE');
INSERT INTO branches (id, state_id, name, address) VALUES (824, 29, 'LEME ROAD', 'OLUFUNKE COMPLEX, UNDER THE BRIDGE, LEME ROAD ABEOKUTA, OGUN STATE');
INSERT INTO branches (id, state_id, name, address) VALUES (825, 29, 'SAGAMU OLATUNJI-1', 'OPPOSITE TOTAL FILLING STATION, BESIDE ABEOKUTA GARAGE, EXPRESS JUNCTION, EWOOLIWO, SAGAMU, OGUN STATE');
INSERT INTO branches (id, state_id, name, address) VALUES (826, 29, 'IJEBU ODE 1', '29 AYEGBAMI STREET, BEHIND NEW MARKET, IJEBU ODE, OGUN STATE');
INSERT INTO branches (id, state_id, name, address) VALUES (827, 29, 'IFO', 'JIBSOD HALL, OPPOSITE VESPA BUS-STOP, LAGOS/ABEOKUTA ROAD, IFO OGUN STATE');
INSERT INTO branches (id, state_id, name, address) VALUES (828, 29, 'MOWE', '189 MOWE OFADA ROAD MOWE, OGUN STATE');
INSERT INTO branches (id, state_id, name, address) VALUES (829, 29, 'KUFORIJI ADIGBE GRA, HQ', '7. 32, KUFORIJI OLUBI DRIVE ADIGBE GRA ABEOKUTA OGUN STATE');
INSERT INTO branches (id, state_id, name, address) VALUES (830, 30, 'AKURE, HQ', 'ALAFUATAYO STREET, OPPOSITE ILORO BASIC HEALTH CENTER, BY ILORO MARKET, AKURE');
INSERT INTO branches (id, state_id, name, address) VALUES (831, 30, 'ONDO CITY', '#214 BRIG ADEMULEGUN RD, NDUBUISI HOSPITAL, KOLA REWIRER');
INSERT INTO branches (id, state_id, name, address) VALUES (832, 30, 'OWO', '#14 OWOYEMI ST, IYERE RD BY DOMINION JUNCTION');
INSERT INTO branches (id, state_id, name, address) VALUES (833, 31, 'OKE-FIA, HQ', 'No.12 Iwo Road, Oke-Fia, Osogbo');
INSERT INTO branches (id, state_id, name, address) VALUES (834, 31, 'OKINNI', 'ILOBU ROAD BESIDE EVERGREEN GRAND HOTEL, OKINNI');
INSERT INTO branches (id, state_id, name, address) VALUES (835, 31, 'MAYFAIR', 'No.43 IBADAN ROAD, ILE-IFE');
INSERT INTO branches (id, state_id, name, address) VALUES (836, 31, 'OKE OMIRU-ILLESHA', 'No. 819 OKE OMIRU, OPP. CRUNCHES, ILESHA');
INSERT INTO branches (id, state_id, name, address) VALUES (837, 31, 'IGBOYA', '9 IGBOYA STREET OFF ROAD 7, ILE-IFE');
INSERT INTO branches (id, state_id, name, address) VALUES (838, 32, 'APATA', 'AGBE BUS STOP, OPPOSITE K3 PLAZA, ALONG KUOLA-AKALA EXPRESS ROAD, APATA IBADAN');
INSERT INTO branches (id, state_id, name, address) VALUES (839, 32, 'ELEYEYE', 'RICHBAM BUILDING, BEHIND SANDLAKE PHARMACY, OFF GBAREMU MKT, SANGO-ELEYELE, IBADAN');
INSERT INTO branches (id, state_id, name, address) VALUES (840, 32, 'SAMONDA', 'HEXAGON BUILDING BESIDE PEACE MASS TRANSIT, OPP MOBIL FILLING STATION, SAMONDA, IBADAN');
INSERT INTO branches (id, state_id, name, address) VALUES (841, 32, 'AKOBO', 'MONARCH COMPLEX, POPO B/STOP AFTER AKALA JUNCTION, AKOBO, IBADAN');
INSERT INTO branches (id, state_id, name, address) VALUES (842, 32, 'MOKOULA', '#5 OMITOWOJU ADJACENT ADAMASINGBA STADIUM');
INSERT INTO branches (id, state_id, name, address) VALUES (843, 32, 'D ROVERS', '#114 MKO ABIOLA WAY, BESIDE FORMER D''ROVER HOTEL OPP IYAGANKU QUARTERS, GRA, RING ROAD, IBADAN');
INSERT INTO branches (id, state_id, name, address) VALUES (844, 32, 'OYO TOWN', 'ADJACENT ACE SUPERMARKET BESIDE NIPCO FILLING STATION, OYO TOWN');
INSERT INTO branches (id, state_id, name, address) VALUES (845, 32, 'CHALLENGE', 'EVER LEAD COMPLEX ROAD, OPPOSITE GLO OFFICE, CHALLENGE, IBADAN');
INSERT INTO branches (id, state_id, name, address) VALUES (846, 32, 'OGBOMOSHO', '#10 KARA STREET, TOWN PLANNING SABO, OGBOMOSHO');
INSERT INTO branches (id, state_id, name, address) VALUES (847, 33, 'RAYFIELD', 'SMHOS MARTIN LUTHER AGWE STREET, RAYFIELD, JOS');
INSERT INTO branches (id, state_id, name, address) VALUES (848, 33, 'OLD AIRPORT ROAD (ANGLO)', '#75 YAKUBU GOWON WAY OPPOSITE COCA COLA PLANT, ANGLO, JOS');
INSERT INTO branches (id, state_id, name, address) VALUES (849, 33, 'YAKUBU GOWON (HWOLSHE)', '#3 UTONKON ROAD, ADJACENT NATIONAL LIBRARY, JOS');
INSERT INTO branches (id, state_id, name, address) VALUES (850, 33, 'ANGWAN RING ROAD', 'NANDOM MEMORIAL PLAZA, BETWEEN JEVICHO FILLING STATION AND TINA JUNCTION, JARAWA, JOS');
INSERT INTO branches (id, state_id, name, address) VALUES (851, 33, 'ROCK HEAVEN', 'BUPIA PLAZA, UTAN LANE');
INSERT INTO branches (id, state_id, name, address) VALUES (852, 34, 'SOKOTO', 'BEHIND ACCEPTABLE EMPIRE, TAMAJE, SOKOTO');
INSERT INTO branches (id, state_id, name, address) VALUES (853, 35, 'ZION ANGUWAN KASSA JALINGO, HQ', 'ZION HALL, AGWAN-KASSA, MILE SIX, JALINGO TARABA STATE');
INSERT INTO branches (id, state_id, name, address) VALUES (854, 35, 'NUKKAI', 'UCHE OBI PLAZA, BESIDE CATHOLIC CHURCH, NUKKAI, JALINGO TARABA STATE');
INSERT INTO branches (id, state_id, name, address) VALUES (855, 35, 'KWARARAFA SHOPPING MALL, WUKARI', 'KWARARAFA SHOPPING MALL, WUKARI, TARABA STATE');
INSERT INTO branches (id, state_id, name, address) VALUES (856, 35, 'MAGAMI HALL', '#14 CEE TO CEE PLAZA, HAMMARUWA WAY AFTER GT BANK, BEFORE NGUROJE HOUSE');
INSERT INTO branches (id, state_id, name, address) VALUES (857, 35, 'MILE 6', 'MILE 6, BYPASS BESIDE UTOPIA HOTEL');
INSERT INTO branches (id, state_id, name, address) VALUES (858, 35, 'ISOKWA PLAZA', 'OPPOSITE TARABA STATE 4TH GATE, ATC JALINGO');
INSERT INTO branches (id, state_id, name, address) VALUES (859, 36, 'DAMATURU', '#2 NEW JERUSALEM BEHIND SCHOOL OF NURSING OPPOSITE GENERAL HOSPITAL DAMATURU, YOBE STATE');
INSERT INTO branches (id, state_id, name, address) VALUES (860, 37, 'ZAMFARA', 'HAYIN BUBA OPPOSITE HOUSGASAU ZAMFARA STATE');
INSERT INTO branches (id, state_id, name, address) VALUES (861, 38, 'COLLEGE PARK, MARYLAND', 'GREENBELT ROAD, COLLEGE PARK MARYLAND 20740 STE200');
INSERT INTO branches (id, state_id, name, address) VALUES (862, 38, 'WINDSOR MILL, MARYLAND', '2520 LORD BALTIMORE DRIVE MARYLAND, 21244');
INSERT INTO branches (id, state_id, name, address) VALUES (863, 38, 'ERIE, PENNSYLVANIA', '2249 WEST 38TH STREET, ERIE PA, 16506');
INSERT INTO branches (id, state_id, name, address) VALUES (864, 38, 'RICHMOND, TEXAS', '1819 FIRST OAKS ST, RICHMOND TX, 77406');
INSERT INTO branches (id, state_id, name, address) VALUES (865, 38, 'BIRMINGHAM, ALABAMA', '1225 EAST LAKE BLVD. BIRMINGHAM, AL, 35217');
INSERT INTO branches (id, state_id, name, address) VALUES (866, 39, 'ROMFORD, LONDON, ENGLAND', 'UNIT 5&6 FIRST FLOOR, 248 LONDON ROAD, ROMFORD, RM7 9EL');
INSERT INTO branches (id, state_id, name, address) VALUES (867, 39, 'ABERDEEN, SCOTLAND', '#46 PALMERSTON ROAD, ABERDEEN, SCOTLAND AB11 5NQ');
INSERT INTO branches (id, state_id, name, address) VALUES (868, 39, 'MISSISSAUGA, CANADA', '5560 KENNEDY, ONTARIO L4Z 2A9, CANADA');
INSERT INTO branches (id, state_id, name, address) VALUES (869, 39, 'CROYDON, UK', 'FIRST FLOOR 145-151, LONDON ROAD, CROYDON, CRO 2RG');
INSERT INTO branches (id, state_id, name, address) VALUES (870, 39, 'CYPRUS', 'CYPRUS');
INSERT INTO branches (id, state_id, name, address) VALUES (871, 40, 'GENEVA', 'HOTEL N''VY RUE DE RICHEMONT 18, RUE DE RICHMOND, 1202 GENEVA, SWITZERLAND');
INSERT INTO branches (id, state_id, name, address) VALUES (872, 41, 'DUBAI', 'UNIT 505, SHAIKHA MARIAM BUILDING, P114, MANIYAS, DEIRA, DUBAI');
INSERT INTO branches (id, state_id, name, address) VALUES (873, 42, 'CHINA', 'GUOTAI INTERNATIONAL TRADE CITY, #27 GUANGYUAN WEST ROAD, YUEXIU DISTRICT, GUANGZHOU. 3RD FLOOR #3217');
INSERT INTO branches (id, state_id, name, address) VALUES (874, 43, 'SPINTEX, ACCRA', 'OPPOSITE TEXPO MARKET, SPINTEX ROAD, ACCRA, GHANA');
INSERT INTO branches (id, state_id, name, address) VALUES (875, 43, 'NUNGUA, ACCRA', 'OPPOSITE ADB BANK, NUNGUA MARKET, NUNGUA, ACCRA, GHANA');
INSERT INTO branches (id, state_id, name, address) VALUES (876, 43, 'KUMASI, ASHANTI REGION', 'BESIDE SHELL FILLING STATION, KROFROM ROAD, AIRPORT ROUND ABOUT, DECHEMSCO KUMASI, ASHANTI REGION, GHANA');
INSERT INTO branches (id, state_id, name, address) VALUES (877, 43, 'TEMA', 'BESIDE TOTAL FILLING STATION, PEDU JUNCTION, CAPE COAST, CENTRAL REGION, GHANA');
INSERT INTO branches (id, state_id, name, address) VALUES (878, 43, 'TAKORADI, WESTERN REGION', '#55 LAGOS TOWN MARKET OPPOSITE GOOD BRAND PHARMACY, TAKORADI, WESTERN REGION, GHANA');
INSERT INTO branches (id, state_id, name, address) VALUES (879, 43, 'TABORA-LAPAZ, ACCRA', 'NEW JERUSALEM SCHOOL, TABORA LAPAZ, LAPAZ, ACCRA, GHANA');
INSERT INTO branches (id, state_id, name, address) VALUES (880, 44, 'DEGAKON', 'BESIDES EWELL FILLING STATION, COTONOU, BENIN REPUBLIC');
INSERT INTO branches (id, state_id, name, address) VALUES (881, 44, 'PORT NOVO', 'OPP CELTIS, COTONOU, BENIN REPUBLIC');
INSERT INTO branches (id, state_id, name, address) VALUES (882, 45, 'LIMBE', 'BEHIND EZE1, ISOKOLO, LIMBE SOUTH WEST CAMEROON');
INSERT INTO branches (id, state_id, name, address) VALUES (883, 45, 'DUALLA', 'OPP ECO BANK, QUARTRE ETAGE JUNCTION, BAMBUTUS STREET, BONABERI DOULA, CAMEROON');
INSERT INTO branches (id, state_id, name, address) VALUES (884, 46, 'HAWARA PLAZA', 'JARAWA PLAZA WESTFIELD, KANIFING MUNICIPAL COUNCIL, THE GAMBIA');